kind,printer_id,timestamp_s,fault,severity,duration_s,job_index,material_used_g,repair_s
fault_onset,fleet-01-p000034,5.0,temperature_instability,0.9001,1066.8611399836404,,,
fault_onset,fleet-01-p000048,20.0,power_anomaly,0.4163,847.233321432127,,,
fault_onset,fleet-01-p000019,21.0,sensor_noise,0.7336,946.803238476902,,,
fault_onset,fleet-01-p000047,31.0,motor_overheating,0.9343,473.01985201710363,,,
fault_onset,fleet-01-p000027,36.0,print_interruption,0.6292,0.0,,,
fault_onset,fleet-01-p000022,36.0,motor_overheating,0.3031,1640.5617855212795,,,
fault_onset,fleet-01-p000019,36.0,motor_overheating,0.9126,577.3597261628558,,,
fault_onset,fleet-01-p000018,37.0,extrusion_blockage,0.5846,1453.1010457331738,,,
print_start,fleet-01-p000004,54.0,,,,4.0,,
print_start,fleet-01-p000006,54.0,,,,6.0,,
print_start,fleet-01-p000010,54.0,,,,10.0,,
print_start,fleet-01-p000015,54.0,,,,15.0,,
print_start,fleet-01-p000018,54.0,,,,18.0,,
print_start,fleet-01-p000019,54.0,,,,19.0,,
print_start,fleet-01-p000021,54.0,,,,21.0,,
print_start,fleet-01-p000026,54.0,,,,26.0,,
print_start,fleet-01-p000028,54.0,,,,28.0,,
print_start,fleet-01-p000030,54.0,,,,30.0,,
print_start,fleet-01-p000040,54.0,,,,40.0,,
print_start,fleet-01-p000043,54.0,,,,43.0,,
print_start,fleet-01-p000052,54.0,,,,52.0,,
print_start,fleet-01-p000053,54.0,,,,53.0,,
print_start,fleet-01-p000055,54.0,,,,55.0,,
print_start,fleet-01-p000057,54.0,,,,57.0,,
print_start,fleet-01-p000058,54.0,,,,58.0,,
print_start,fleet-01-p000059,54.0,,,,59.0,,
print_start,fleet-01-p000003,55.0,,,,3.0,,
print_start,fleet-01-p000005,55.0,,,,5.0,,
print_start,fleet-01-p000011,55.0,,,,11.0,,
print_start,fleet-01-p000012,55.0,,,,12.0,,
print_start,fleet-01-p000013,55.0,,,,13.0,,
print_start,fleet-01-p000016,55.0,,,,16.0,,
print_start,fleet-01-p000017,55.0,,,,17.0,,
print_start,fleet-01-p000020,55.0,,,,20.0,,
print_start,fleet-01-p000022,55.0,,,,22.0,,
print_start,fleet-01-p000023,55.0,,,,23.0,,
print_start,fleet-01-p000024,55.0,,,,24.0,,
print_start,fleet-01-p000031,55.0,,,,31.0,,
print_start,fleet-01-p000038,55.0,,,,38.0,,
print_start,fleet-01-p000041,55.0,,,,41.0,,
print_start,fleet-01-p000044,55.0,,,,44.0,,
print_start,fleet-01-p000046,55.0,,,,46.0,,
print_start,fleet-01-p000047,55.0,,,,47.0,,
print_start,fleet-01-p000048,55.0,,,,48.0,,
print_start,fleet-01-p000050,55.0,,,,50.0,,
print_start,fleet-01-p000056,55.0,,,,56.0,,
fault_onset,fleet-01-p000056,101.0,abnormal_cooling,0.9824,1531.0919973011562,,,
fault_onset,fleet-01-p000056,103.0,nozzle_thermal_drift,0.7166,1189.3835763743136,,,
fault_onset,fleet-01-p000017,103.0,nozzle_thermal_drift,0.3828,507.01069649588004,,,
fault_onset,fleet-01-p000037,107.0,sensor_drift_nozzle,0.3685,1098.7788039490326,,,
print_complete,fleet-01-p000046,111.0,,,,46.0,0.731,
fault_onset,fleet-01-p000025,119.0,sensor_noise,0.3123,1416.89709710391,,,
fault_onset,fleet-01-p000010,120.0,motor_overheating,0.9372,1599.2448962202932,,,
fault_onset,fleet-01-p000050,122.0,temperature_instability,0.8777,326.51051807606854,,,
fault_onset,fleet-01-p000024,123.0,motor_overheating,0.7932,758.6431814532835,,,
fault_onset,fleet-01-p000003,124.0,extrusion_blockage,0.7456,706.54056676079,,,
fault_onset,fleet-01-p000010,135.0,sensor_drift_nozzle,0.5738,750.3202460827987,,,
fault_onset,fleet-01-p000009,146.0,motor_overheating,0.761,1722.873270409614,,,
fault_onset,fleet-01-p000045,153.0,sensor_noise,0.8136,1778.8358335122941,,,
fault_onset,fleet-01-p000002,158.0,print_interruption,0.3741,0.0,,,
fault_onset,fleet-01-p000050,168.0,power_anomaly,0.9848,1351.1050266084121,,,
fault_onset,fleet-01-p000024,187.0,motor_overheating,0.7485,764.2681126251761,,,
print_start,fleet-01-p000054,207.0,,,,60.0,,
print_start,fleet-01-p000029,208.0,,,,61.0,,
print_start,fleet-01-p000001,210.0,,,,62.0,,
print_start,fleet-01-p000042,212.0,,,,63.0,,
fault_onset,fleet-01-p000022,219.0,abnormal_cooling,0.7895,1345.5479480602899,,,
fault_onset,fleet-01-p000041,227.0,nozzle_heater_failure,0.9089,1486.6139282508077,,,
print_start,fleet-01-p000009,237.0,,,,64.0,,
print_complete,fleet-01-p000031,242.0,,,,31.0,1.994,
fault_onset,fleet-01-p000035,249.0,nozzle_heater_failure,0.9934,383.805114935785,,,
fault_onset,fleet-01-p000016,259.0,nozzle_thermal_drift,0.9417,855.1372350337014,,,
fault_onset,fleet-01-p000003,266.0,sensor_drift_nozzle,0.9256,1238.4773454337806,,,
fault_onset,fleet-01-p000014,266.0,motor_overheating,0.795,1733.0295215611768,,,
print_start,fleet-01-p000025,267.0,,,,65.0,,
fault_onset,fleet-01-p000045,277.0,motor_overheating,0.5595,506.6716360747497,,,
fault_onset,fleet-01-p000003,279.0,temperature_instability,0.5984,918.6394746434273,,,
fault_onset,fleet-01-p000025,297.0,sensor_noise,0.8256,1078.0553816049846,,,
print_start,fleet-01-p000036,301.0,,,,66.0,,
fault_onset,fleet-01-p000016,302.0,sensor_noise,0.7716,784.3211355608339,,,
print_start,fleet-01-p000034,303.0,,,,68.0,,
print_start,fleet-01-p000014,304.0,,,,67.0,,
print_start,fleet-01-p000051,305.0,,,,69.0,,
fault_onset,fleet-01-p000044,315.0,bed_heater_failure,0.6826,1678.66981589427,,,
print_start,fleet-01-p000000,320.0,,,,70.0,,
fault_onset,fleet-01-p000055,324.0,print_interruption,0.7892,0.0,,,
print_failed,fleet-01-p000055,324.0,print_interruption,,,,,
maintenance_start,fleet-01-p000055,324.0,,,,,,2178.5
print_complete,fleet-01-p000026,326.0,,,,26.0,3.509,
print_start,fleet-01-p000039,334.0,,,,71.0,,
print_start,fleet-01-p000046,338.0,,,,79.0,,
print_complete,fleet-01-p000052,348.0,,,,52.0,2.108,
fault_onset,fleet-01-p000049,351.0,temperature_instability,0.9526,474.3535052065789,,,
fault_onset,fleet-01-p000030,355.0,power_anomaly,0.5834,1637.0354426214121,,,
print_start,fleet-01-p000007,360.0,,,,72.0,,
print_start,fleet-01-p000002,362.0,,,,73.0,,
print_failed,fleet-01-p000002,362.0,print_interruption,,,,,
maintenance_start,fleet-01-p000002,362.0,,,,,,8410.2
fault_onset,fleet-01-p000052,390.0,bed_heater_failure,0.9686,1336.6046659763276,,,
fault_onset,fleet-01-p000045,411.0,power_anomaly,0.8783,672.4260147109197,,,
print_complete,fleet-01-p000023,433.0,,,,23.0,3.524,
fault_onset,fleet-01-p000032,435.0,bed_heater_failure,0.4366,622.5963377983445,,,
fault_onset,fleet-01-p000007,444.0,sensor_noise,0.8266,1767.5136644809038,,,
print_start,fleet-01-p000049,446.0,,,,75.0,,
print_start,fleet-01-p000008,452.0,,,,76.0,,
print_start,fleet-01-p000032,461.0,,,,77.0,,
print_start,fleet-01-p000033,464.0,,,,78.0,,
fault_onset,fleet-01-p000035,468.0,motor_overheating,0.7209,960.0180987297198,,,
fault_onset,fleet-01-p000055,474.0,print_interruption,0.8421,0.0,,,
print_start,fleet-01-p000027,479.0,,,,80.0,,
print_failed,fleet-01-p000027,479.0,print_interruption,,,,,
maintenance_start,fleet-01-p000027,479.0,,,,,,758.6
fault_onset,fleet-01-p000037,483.0,extrusion_blockage,0.7153,1033.3373225641762,,,
fault_onset,fleet-01-p000058,483.0,print_interruption,0.9463,0.0,,,
print_failed,fleet-01-p000058,483.0,print_interruption,,,,,
maintenance_start,fleet-01-p000058,483.0,,,,,,586.5
print_start,fleet-01-p000037,486.0,,,,81.0,,
fault_onset,fleet-01-p000006,487.0,print_interruption,0.9502,0.0,,,
print_failed,fleet-01-p000006,487.0,print_interruption,,,,,
maintenance_start,fleet-01-p000006,487.0,,,,,,1078.8
print_start,fleet-01-p000045,488.0,,,,82.0,,
fault_onset,fleet-01-p000002,492.0,nozzle_heater_failure,0.9875,1701.375255664539,,,
fault_onset,fleet-01-p000043,494.0,sensor_drift_nozzle,0.4183,1767.7210199388005,,,
print_complete,fleet-01-p000043,495.0,,,,43.0,3.592,
fault_onset,fleet-01-p000045,500.0,bed_heater_failure,0.6772,1178.4485719745321,,,
fault_onset,fleet-01-p000046,502.0,power_anomaly,0.5796,1453.5403227057375,,,
fault_onset,fleet-01-p000004,504.0,sensor_noise,0.7859,1033.4144825457586,,,
fault_onset,fleet-01-p000025,509.0,extrusion_blockage,0.8777,1240.1476793425725,,,
print_start,fleet-01-p000043,519.0,,,,83.0,,
fault_onset,fleet-01-p000049,522.0,motor_overheating,0.7502,1577.262316282117,,,
fault_onset,fleet-01-p000031,523.0,motor_overheating,0.7502,459.1863464312797,,,
fault_onset,fleet-01-p000037,524.0,print_interruption,0.6399,0.0,,,
fault_onset,fleet-01-p000028,524.0,nozzle_heater_failure,0.4578,866.5676805538402,,,
print_failed,fleet-01-p000037,524.0,extrusion_blockage,,,,,
maintenance_start,fleet-01-p000037,524.0,,,,,,264.0
fault_onset,fleet-01-p000005,531.0,nozzle_thermal_drift,0.8785,1262.9501354860238,,,
fault_onset,fleet-01-p000019,542.0,extrusion_blockage,0.9635,1539.2157117090258,,,
fault_onset,fleet-01-p000006,542.0,extrusion_blockage,0.454,505.8727329289496,,,
print_start,fleet-01-p000023,558.0,,,,84.0,,
print_complete,fleet-01-p000040,565.0,,,,40.0,5.063,
fault_onset,fleet-01-p000037,579.0,power_anomaly,0.6311,1686.1571234524279,,,
fault_onset,fleet-01-p000058,588.0,bed_heater_failure,0.3846,1708.0332392947562,,,
fault_onset,fleet-01-p000059,612.0,nozzle_thermal_drift,0.5614,1300.9765639537613,,,
fault_onset,fleet-01-p000046,643.0,extrusion_blockage,0.9538,691.5985625499592,,,
fault_onset,fleet-01-p000046,654.0,nozzle_heater_failure,0.7947,733.5621413362489,,,
fault_onset,fleet-01-p000028,655.0,print_interruption,0.493,0.0,,,
print_failed,fleet-01-p000028,655.0,nozzle_heater_failure,,,,,
maintenance_start,fleet-01-p000028,655.0,,,,,,617.4
fault_onset,fleet-01-p000036,676.0,extrusion_blockage,0.9725,645.2342419493486,,,
fault_onset,fleet-01-p000033,680.0,nozzle_heater_failure,0.5696,343.82904150580083,,,
fault_onset,fleet-01-p000017,685.0,sensor_noise,0.9751,892.8745017901465,,,
fault_onset,fleet-01-p000027,688.0,print_interruption,0.6877,0.0,,,
print_start,fleet-01-p000040,688.0,,,,86.0,,
fault_onset,fleet-01-p000047,692.0,print_interruption,0.5049,0.0,,,
print_failed,fleet-01-p000047,692.0,print_interruption,,,,,
maintenance_start,fleet-01-p000047,692.0,,,,,,167.6
fault_onset,fleet-01-p000030,697.0,power_anomaly,0.6382,1499.1057828360804,,,
fault_onset,fleet-01-p000005,702.0,nozzle_thermal_drift,0.8892,1113.7740455283354,,,
fault_onset,fleet-01-p000019,711.0,extrusion_blockage,0.7379,828.6847298873554,,,
print_complete,fleet-01-p000019,717.0,,,,19.0,3.532,
fault_onset,fleet-01-p000058,718.0,power_anomaly,0.7558,547.9683358180793,,,
fault_onset,fleet-01-p000012,718.0,nozzle_thermal_drift,0.6593,961.1865649511478,,,
fault_onset,fleet-01-p000055,720.0,sensor_noise,0.746,1207.7244362891745,,,
print_start,fleet-01-p000035,722.0,,,,74.0,,
fault_onset,fleet-01-p000039,723.0,sensor_drift_nozzle,0.5401,463.62916907941997,,,
fault_onset,fleet-01-p000002,725.0,sensor_drift_nozzle,0.894,1179.2814383156015,,,
fault_onset,fleet-01-p000022,729.0,bed_heater_failure,0.3933,661.7641699129251,,,
fault_onset,fleet-01-p000040,741.0,sensor_drift_nozzle,0.6487,896.6192302012914,,,
fault_onset,fleet-01-p000054,747.0,temperature_instability,0.3776,304.39915569501824,,,
print_start,fleet-01-p000026,759.0,,,,87.0,,
fault_onset,fleet-01-p000004,763.0,nozzle_heater_failure,0.307,412.7403140805954,,,
fault_onset,fleet-01-p000050,765.0,temperature_instability,0.3156,1674.46675376199,,,
fault_onset,fleet-01-p000054,766.0,sensor_noise,0.4572,1213.9328381519801,,,
fault_onset,fleet-01-p000027,770.0,temperature_instability,0.8818,419.8632907556725,,,
fault_onset,fleet-01-p000052,788.0,nozzle_thermal_drift,0.6937,888.0171983230664,,,
maintenance_end,fleet-01-p000037,788.0,,,,,,
fault_onset,fleet-01-p000009,798.0,extrusion_blockage,0.9367,1332.0890461239296,,,
fault_onset,fleet-01-p000033,802.0,temperature_instability,0.9593,1688.5394139226757,,,
fault_onset,fleet-01-p000049,805.0,sensor_drift_nozzle,0.8279,1358.3909226589587,,,
fault_onset,fleet-01-p000004,815.0,motor_overheating,0.8653,1484.1934383000778,,,
fault_onset,fleet-01-p000001,817.0,motor_overheating,0.3562,1281.2641393538597,,,
fault_onset,fleet-01-p000051,822.0,bed_heater_failure,0.4927,614.9492951888764,,,
fault_onset,fleet-01-p000027,824.0,extrusion_blockage,0.6496,485.24989341192355,,,
fault_onset,fleet-01-p000030,829.0,nozzle_thermal_drift,0.8971,892.593027778254,,,
fault_onset,fleet-01-p000020,829.0,motor_overheating,0.8544,1529.1085806534136,,,
fault_onset,fleet-01-p000053,832.0,motor_overheating,0.8413,509.8902041628739,,,
fault_onset,fleet-01-p000039,835.0,print_interruption,0.5202,0.0,,,
print_failed,fleet-01-p000039,835.0,sensor_drift_nozzle,,,,,
maintenance_start,fleet-01-p000039,835.0,,,,,,3007.8
fault_onset,fleet-01-p000029,836.0,extrusion_blockage,0.8986,1470.604209683816,,,
fault_onset,fleet-01-p000006,838.0,power_anomaly,0.9518,1105.6614794763134,,,
fault_onset,fleet-01-p000003,840.0,bed_heater_failure,0.9253,1754.6100775868156,,,
fault_onset,fleet-01-p000054,841.0,nozzle_thermal_drift,0.7453,448.8265776144863,,,
fault_onset,fleet-01-p000058,854.0,nozzle_thermal_drift,0.6698,1437.7016821692473,,,
fault_onset,fleet-01-p000023,858.0,sensor_drift_nozzle,0.6497,612.9936477315289,,,
maintenance_end,fleet-01-p000047,860.0,,,,,,
fault_onset,fleet-01-p000017,861.0,temperature_instability,0.3434,1115.22510000365,,,
fault_onset,fleet-01-p000053,887.0,bed_heater_failure,0.8524,733.8645178340997,,,
print_start,fleet-01-p000019,894.0,,,,89.0,,
fault_onset,fleet-01-p000003,904.0,sensor_drift_nozzle,0.3168,800.7036055921906,,,
fault_onset,fleet-01-p000053,915.0,nozzle_heater_failure,0.9788,796.0051854176354,,,
fault_onset,fleet-01-p000027,920.0,bed_heater_failure,0.9162,760.7239622548599,,,
fault_onset,fleet-01-p000001,930.0,extrusion_blockage,0.9398,981.4466365220486,,,
fault_onset,fleet-01-p000019,933.0,nozzle_heater_failure,0.7054,1794.551904967124,,,
fault_onset,fleet-01-p000058,936.0,power_anomaly,0.7699,543.031026843113,,,
fault_onset,fleet-01-p000057,937.0,nozzle_heater_failure,0.6101,546.3126938084336,,,
fault_onset,fleet-01-p000039,958.0,abnormal_cooling,0.3714,989.9093905966854,,,
print_start,fleet-01-p000031,965.0,,,,88.0,,
fault_onset,fleet-01-p000044,976.0,power_anomaly,0.3289,1479.4405749712384,,,
fault_onset,fleet-01-p000012,979.0,sensor_noise,0.7491,720.2061220348969,,,
fault_onset,fleet-01-p000056,997.0,bed_heater_failure,0.593,1004.4658340302019,,,
fault_onset,fleet-01-p000046,997.0,power_anomaly,0.4727,699.8306794712742,,,
fault_onset,fleet-01-p000056,1005.0,sensor_drift_nozzle,0.8452,517.5432109446925,,,
fault_onset,fleet-01-p000042,1013.0,temperature_instability,0.669,428.0188808164467,,,
fault_onset,fleet-01-p000002,1017.0,abnormal_cooling,0.3209,1163.5592526644002,,,
fault_onset,fleet-01-p000054,1028.0,bed_heater_failure,0.3444,875.6704394088276,,,
fault_onset,fleet-01-p000035,1033.0,abnormal_cooling,0.9094,1684.1361663610692,,,
print_complete,fleet-01-p000005,1051.0,,,,5.0,4.471,
fault_onset,fleet-01-p000002,1053.0,bed_heater_failure,0.5806,1111.6078034205166,,,
fault_onset,fleet-01-p000031,1062.0,sensor_drift_nozzle,0.3931,854.6033098857928,,,
fault_onset,fleet-01-p000013,1067.0,nozzle_heater_failure,0.654,1276.9318920963049,,,
maintenance_end,fleet-01-p000058,1070.0,,,,,,
fault_onset,fleet-01-p000054,1074.0,sensor_noise,0.7929,923.2746581124454,,,
fault_onset,fleet-01-p000009,1080.0,temperature_instability,0.7571,414.26291150648353,,,
fault_onset,fleet-01-p000048,1089.0,sensor_drift_nozzle,0.9603,1216.0258227321747,,,
fault_onset,fleet-01-p000010,1103.0,bed_heater_failure,0.821,956.5580514726489,,,
fault_onset,fleet-01-p000049,1105.0,temperature_instability,0.8922,1573.122411406439,,,
fault_onset,fleet-01-p000052,1106.0,motor_overheating,0.8853,602.4764728269471,,,
print_start,fleet-01-p000005,1109.0,,,,90.0,,
fault_onset,fleet-01-p000004,1115.0,nozzle_thermal_drift,0.8729,650.7132393436442,,,
fault_onset,fleet-01-p000000,1131.0,nozzle_thermal_drift,0.8978,1166.1819360598433,,,
fault_onset,fleet-01-p000057,1148.0,extrusion_blockage,0.3889,1589.8298853581143,,,
fault_onset,fleet-01-p000029,1167.0,print_interruption,0.856,0.0,,,
print_failed,fleet-01-p000029,1167.0,extrusion_blockage,,,,,
maintenance_start,fleet-01-p000029,1167.0,,,,,,2026.2
fault_onset,fleet-01-p000034,1173.0,print_interruption,0.8647,0.0,,,
print_failed,fleet-01-p000034,1173.0,print_interruption,,,,,
maintenance_start,fleet-01-p000034,1173.0,,,,,,5.5
maintenance_end,fleet-01-p000034,1179.0,,,,,,
fault_onset,fleet-01-p000045,1180.0,print_interruption,0.6963,0.0,,,
print_failed,fleet-01-p000045,1180.0,sensor_noise,,,,,
maintenance_start,fleet-01-p000045,1180.0,,,,,,554.4
fault_onset,fleet-01-p000003,1195.0,sensor_drift_nozzle,0.6815,1123.9553878572328,,,
fault_onset,fleet-01-p000052,1198.0,power_anomaly,0.6522,964.7694501613798,,,
fault_onset,fleet-01-p000044,1210.0,nozzle_heater_failure,0.5247,1273.7881382250857,,,
fault_onset,fleet-01-p000032,1217.0,bed_heater_failure,0.7621,1416.919553418025,,,
fault_onset,fleet-01-p000049,1224.0,nozzle_thermal_drift,0.761,1359.1781276996414,,,
fault_onset,fleet-01-p000028,1226.0,extrusion_blockage,0.8477,739.8625904459768,,,
fault_onset,fleet-01-p000021,1231.0,temperature_instability,0.3885,1320.3624159388648,,,
fault_onset,fleet-01-p000035,1237.0,nozzle_heater_failure,0.3691,707.7767516674371,,,
maintenance_end,fleet-01-p000027,1238.0,,,,,,
fault_onset,fleet-01-p000052,1265.0,nozzle_heater_failure,0.654,360.03889813891396,,,
maintenance_end,fleet-01-p000028,1273.0,,,,,,
print_start,fleet-01-p000037,1276.0,,,,91.0,,
fault_onset,fleet-01-p000059,1289.0,sensor_drift_nozzle,0.6031,1593.9348097825962,,,
fault_onset,fleet-01-p000006,1290.0,nozzle_heater_failure,0.9937,781.332125399463,,,
fault_onset,fleet-01-p000050,1290.0,sensor_noise,0.3596,1193.6240348934775,,,
fault_onset,fleet-01-p000002,1297.0,power_anomaly,0.8784,788.7536830358553,,,
fault_onset,fleet-01-p000055,1298.0,print_interruption,0.8679,0.0,,,
fault_onset,fleet-01-p000019,1305.0,nozzle_heater_failure,0.7788,1155.4771328837658,,,
fault_onset,fleet-01-p000019,1305.0,sensor_drift_nozzle,0.3469,1175.7760827013587,,,
fault_onset,fleet-01-p000033,1306.0,temperature_instability,0.3436,337.2229792374228,,,
fault_onset,fleet-01-p000015,1308.0,bed_heater_failure,0.7599,1724.7853562231978,,,
fault_onset,fleet-01-p000006,1331.0,temperature_instability,0.3949,1315.1556067448116,,,
fault_onset,fleet-01-p000023,1345.0,sensor_noise,0.6149,1173.1577253961432,,,
fault_onset,fleet-01-p000050,1365.0,bed_heater_failure,0.4655,1433.254971237093,,,
fault_onset,fleet-01-p000050,1369.0,sensor_drift_nozzle,0.3428,1035.0824459468636,,,
fault_onset,fleet-01-p000014,1376.0,nozzle_thermal_drift,0.7772,1292.8171414465967,,,
fault_onset,fleet-01-p000027,1393.0,temperature_instability,0.3857,1639.9859486053151,,,
fault_onset,fleet-01-p000005,1394.0,sensor_drift_nozzle,0.791,1465.2040628013128,,,
fault_onset,fleet-01-p000031,1394.0,sensor_noise,0.3705,1139.727774442094,,,
fault_onset,fleet-01-p000028,1396.0,bed_heater_failure,0.7726,1379.8718989410513,,,
fault_onset,fleet-01-p000040,1427.0,nozzle_thermal_drift,0.9806,1149.6766889264613,,,
print_complete,fleet-01-p000020,1427.0,,,,20.0,11.909,
fault_onset,fleet-01-p000038,1452.0,nozzle_heater_failure,0.4727,625.7509448711792,,,
preheat_timeout,fleet-01-p000052,1459.0,,,,,,
maintenance_start,fleet-01-p000052,1459.0,,,,,,2439.7
fault_onset,fleet-01-p000035,1460.0,abnormal_cooling,0.4499,1795.4490340429104,,,
fault_onset,fleet-01-p000019,1477.0,temperature_instability,0.9207,533.3797592932298,,,
fault_onset,fleet-01-p000043,1486.0,temperature_instability,0.9461,828.9392000020525,,,
fault_onset,fleet-01-p000040,1486.0,abnormal_cooling,0.3509,692.0132522852075,,,
fault_onset,fleet-01-p000048,1495.0,motor_overheating,0.8137,1584.9599446699335,,,
fault_onset,fleet-01-p000039,1496.0,motor_overheating,0.6883,1220.9530831289276,,,
fault_onset,fleet-01-p000028,1500.0,motor_overheating,0.8562,1118.5628162653452,,,
fault_onset,fleet-01-p000020,1514.0,abnormal_cooling,0.3819,1586.983047284589,,,
fault_onset,fleet-01-p000042,1517.0,temperature_instability,0.4854,553.7778431064876,,,
fault_onset,fleet-01-p000049,1518.0,print_interruption,0.7207,0.0,,,
print_failed,fleet-01-p000049,1518.0,temperature_instability,,,,,
maintenance_start,fleet-01-p000049,1518.0,,,,,,1476.2
fault_onset,fleet-01-p000044,1524.0,sensor_drift_nozzle,0.9597,1407.4888779831347,,,
fault_onset,fleet-01-p000025,1555.0,motor_overheating,0.4562,748.7352144859558,,,
fault_onset,fleet-01-p000017,1555.0,sensor_noise,0.3591,1161.2819921106586,,,
maintenance_end,fleet-01-p000006,1566.0,,,,,,
print_start,fleet-01-p000034,1569.0,,,,92.0,,
fault_onset,fleet-01-p000015,1572.0,nozzle_thermal_drift,0.6487,1136.981661869327,,,
fault_onset,fleet-01-p000045,1579.0,print_interruption,0.7529,0.0,,,
fault_onset,fleet-01-p000052,1582.0,nozzle_thermal_drift,0.551,1112.5738049438453,,,
fault_onset,fleet-01-p000050,1610.0,nozzle_heater_failure,0.3343,1162.7027614164285,,,
fault_onset,fleet-01-p000008,1643.0,power_anomaly,0.748,1132.4121405159115,,,
fault_onset,fleet-01-p000050,1653.0,sensor_drift_nozzle,0.941,730.7204673748001,,,
fault_onset,fleet-01-p000017,1661.0,extrusion_blockage,0.804,1233.1817623647216,,,
fault_onset,fleet-01-p000012,1663.0,sensor_drift_nozzle,0.6554,896.8173016629307,,,
fault_onset,fleet-01-p000030,1676.0,extrusion_blockage,0.5254,762.0440402534751,,,
fault_onset,fleet-01-p000012,1676.0,motor_overheating,0.7477,360.2833727106636,,,
fault_onset,fleet-01-p000023,1676.0,sensor_drift_nozzle,0.8943,1338.4578301152155,,,
fault_onset,fleet-01-p000006,1678.0,motor_overheating,0.8421,561.5222503561519,,,
fault_onset,fleet-01-p000049,1681.0,temperature_instability,0.3362,1670.1443204643072,,,
fault_onset,fleet-01-p000054,1682.0,power_anomaly,0.5243,997.3968953938249,,,
fault_onset,fleet-01-p000038,1729.0,motor_overheating,0.7938,495.57543365834334,,,
maintenance_end,fleet-01-p000045,1735.0,,,,,,
fault_onset,fleet-01-p000039,1742.0,nozzle_heater_failure,0.6939,421.5552447591211,,,
fault_onset,fleet-01-p000029,1746.0,nozzle_heater_failure,0.6706,656.2093160401186,,,
fault_onset,fleet-01-p000056,1748.0,nozzle_heater_failure,0.6805,425.300109993475,,,
fault_onset,fleet-01-p000044,1775.0,bed_heater_failure,0.9532,904.406185928375,,,
fault_onset,fleet-01-p000022,1778.0,sensor_noise,0.7834,849.0746044550829,,,
fault_onset,fleet-01-p000054,1782.0,nozzle_heater_failure,0.4738,416.1152699566775,,,
fault_onset,fleet-01-p000048,1784.0,sensor_drift_nozzle,0.9429,1429.3023109077183,,,
fault_onset,fleet-01-p000015,1819.0,bed_heater_failure,0.6054,945.6052481703932,,,
print_start,fleet-01-p000020,1841.0,,,,95.0,,
fault_onset,fleet-01-p000022,1843.0,sensor_drift_nozzle,0.6187,778.0789931984224,,,
fault_onset,fleet-01-p000000,1866.0,nozzle_thermal_drift,0.3134,427.6954139684749,,,
fault_onset,fleet-01-p000056,1881.0,bed_heater_failure,0.3542,417.65271454698205,,,
fault_onset,fleet-01-p000034,1883.0,extrusion_blockage,0.5517,1559.7109114129523,,,
print_start,fleet-01-p000058,1889.0,,,,94.0,,
fault_onset,fleet-01-p000038,1890.0,sensor_noise,0.834,1658.6421331167546,,,
fault_onset,fleet-01-p000058,1897.0,motor_overheating,0.3821,865.3185145315807,,,
fault_onset,fleet-01-p000015,1901.0,nozzle_heater_failure,0.4141,836.7617922261967,,,
fault_onset,fleet-01-p000040,1919.0,print_interruption,0.9645,0.0,,,
print_failed,fleet-01-p000040,1919.0,nozzle_thermal_drift,,,,,
maintenance_start,fleet-01-p000040,1919.0,,,,,,3763.9
fault_onset,fleet-01-p000058,1923.0,extrusion_blockage,0.3792,740.0513625616255,,,
fault_onset,fleet-01-p000041,1933.0,sensor_drift_nozzle,0.5593,326.59117991276014,,,
fault_onset,fleet-01-p000022,1933.0,nozzle_thermal_drift,0.7538,1000.3254476233755,,,
fault_onset,fleet-01-p000046,1935.0,abnormal_cooling,0.8324,723.810044433981,,,
fault_onset,fleet-01-p000053,1941.0,nozzle_heater_failure,0.9382,1656.2144282293239,,,
fault_onset,fleet-01-p000021,1949.0,sensor_drift_nozzle,0.9068,907.6454858382926,,,
fault_onset,fleet-01-p000059,1975.0,print_interruption,0.6581,0.0,,,
print_failed,fleet-01-p000059,1975.0,sensor_drift_nozzle,,,,,
maintenance_start,fleet-01-p000059,1975.0,,,,,,100.6
fault_onset,fleet-01-p000015,1981.0,abnormal_cooling,0.3681,595.5360615383389,,,
fault_onset,fleet-01-p000031,1992.0,sensor_drift_nozzle,0.5776,1014.8484724542592,,,
fault_onset,fleet-01-p000045,2013.0,print_interruption,0.5676,0.0,,,
fault_onset,fleet-01-p000006,2037.0,temperature_instability,0.4056,1032.5351180688208,,,
fault_onset,fleet-01-p000052,2047.0,print_interruption,0.676,0.0,,,
print_start,fleet-01-p000027,2052.0,,,,96.0,,
fault_onset,fleet-01-p000045,2066.0,temperature_instability,0.9122,922.4186192782927,,,
maintenance_end,fleet-01-p000059,2076.0,,,,,,
fault_onset,fleet-01-p000026,2079.0,extrusion_blockage,0.8314,1670.027478961485,,,
fault_onset,fleet-01-p000036,2082.0,power_anomaly,0.3955,1162.8077829319461,,,
fault_onset,fleet-01-p000036,2099.0,nozzle_thermal_drift,0.5763,1342.6231372527047,,,
fault_onset,fleet-01-p000019,2102.0,sensor_noise,0.9008,843.1873040345225,,,
fault_onset,fleet-01-p000033,2111.0,extrusion_blockage,0.7049,381.67336274330694,,,
fault_onset,fleet-01-p000052,2112.0,sensor_noise,0.622,664.8228045681708,,,
fault_onset,fleet-01-p000040,2112.0,sensor_noise,0.453,1008.6928171477771,,,
fault_onset,fleet-01-p000034,2123.0,abnormal_cooling,0.3642,757.2158355896544,,,
fault_onset,fleet-01-p000020,2132.0,bed_heater_failure,0.8112,1155.5648466678606,,,
fault_onset,fleet-01-p000006,2143.0,sensor_drift_nozzle,0.496,661.4899543606015,,,
fault_onset,fleet-01-p000004,2143.0,sensor_noise,0.5773,1200.9516207906233,,,
fault_onset,fleet-01-p000012,2147.0,abnormal_cooling,0.6505,478.67446412210074,,,
fault_onset,fleet-01-p000054,2166.0,print_interruption,0.8344,0.0,,,
print_failed,fleet-01-p000054,2166.0,power_anomaly,,,,,
maintenance_start,fleet-01-p000054,2166.0,,,,,,88.9
fault_onset,fleet-01-p000058,2167.0,temperature_instability,0.626,1077.9701890628212,,,
fault_onset,fleet-01-p000044,2171.0,sensor_noise,0.7911,368.0889734400174,,,
fault_onset,fleet-01-p000041,2173.0,nozzle_thermal_drift,0.3903,1512.9862340529783,,,
print_complete,fleet-01-p000016,2175.0,,,,16.0,15.215,
fault_onset,fleet-01-p000018,2178.0,motor_overheating,0.3583,455.9021203695386,,,
fault_onset,fleet-01-p000010,2191.0,temperature_instability,0.3502,1569.9191172719486,,,
fault_onset,fleet-01-p000050,2196.0,bed_heater_failure,0.9811,845.721802359008,,,
fault_onset,fleet-01-p000014,2207.0,nozzle_thermal_drift,0.8687,300.81616888207066,,,
fault_onset,fleet-01-p000045,2226.0,extrusion_blockage,0.8198,1709.0158798571354,,,
fault_onset,fleet-01-p000057,2231.0,abnormal_cooling,0.5263,564.1140467176444,,,
fault_onset,fleet-01-p000050,2243.0,print_interruption,0.9574,0.0,,,
print_failed,fleet-01-p000050,2243.0,sensor_drift_nozzle,,,,,
maintenance_start,fleet-01-p000050,2243.0,,,,,,2732.3
fault_onset,fleet-01-p000000,2250.0,bed_heater_failure,0.9696,1564.3348230083734,,,
fault_onset,fleet-01-p000030,2252.0,nozzle_thermal_drift,0.8263,1423.047752718213,,,
fault_onset,fleet-01-p000054,2253.0,temperature_instability,0.6605,764.6210346234402,,,
fault_onset,fleet-01-p000000,2255.0,sensor_noise,0.7128,449.1749619681296,,,
maintenance_end,fleet-01-p000054,2255.0,,,,,,
fault_onset,fleet-01-p000030,2278.0,power_anomaly,0.8578,313.1414894415101,,,
fault_onset,fleet-01-p000019,2281.0,print_interruption,0.8857,0.0,,,
print_failed,fleet-01-p000019,2281.0,sensor_noise,,,,,
maintenance_start,fleet-01-p000019,2281.0,,,,,,1524.9
fault_onset,fleet-01-p000052,2288.0,temperature_instability,0.4588,302.86840990511473,,,
print_start,fleet-01-p000016,2292.0,,,,98.0,,
fault_onset,fleet-01-p000046,2293.0,extrusion_blockage,0.3543,1255.1730362985727,,,
fault_onset,fleet-01-p000056,2294.0,abnormal_cooling,0.7789,428.4704040584092,,,
fault_onset,fleet-01-p000054,2296.0,temperature_instability,0.6527,1291.4708374579197,,,
fault_onset,fleet-01-p000030,2302.0,sensor_noise,0.8275,499.19492247489603,,,
fault_onset,fleet-01-p000034,2305.0,motor_overheating,0.4362,653.8972327135317,,,
fault_onset,fleet-01-p000026,2312.0,motor_overheating,0.493,858.7122090530552,,,
print_start,fleet-01-p000045,2324.0,,,,97.0,,
fault_onset,fleet-01-p000054,2332.0,power_anomaly,0.6223,1387.4771998616222,,,
fault_onset,fleet-01-p000005,2333.0,print_interruption,0.8974,0.0,,,
print_failed,fleet-01-p000005,2333.0,sensor_drift_nozzle,,,,,
maintenance_start,fleet-01-p000005,2333.0,,,,,,3030.4
fault_onset,fleet-01-p000059,2349.0,sensor_noise,0.9016,1387.8777778672577,,,
fault_onset,fleet-01-p000008,2358.0,bed_heater_failure,0.3211,403.879531931472,,,
fault_onset,fleet-01-p000039,2365.0,sensor_noise,0.5843,1579.6155103464448,,,
fault_onset,fleet-01-p000038,2367.0,abnormal_cooling,0.7356,1603.6355770249113,,,
preheat_timeout,fleet-01-p000028,2368.0,,,,,,
maintenance_start,fleet-01-p000028,2368.0,,,,,,2356.3
fault_onset,fleet-01-p000013,2373.0,sensor_drift_nozzle,0.8531,612.1736140733558,,,
fault_onset,fleet-01-p000003,2374.0,nozzle_thermal_drift,0.3526,417.76155762604657,,,
fault_onset,fleet-01-p000004,2375.0,nozzle_heater_failure,0.86,1585.0670841862218,,,
fault_onset,fleet-01-p000017,2384.0,abnormal_cooling,0.5743,895.3786968733747,,,
fault_onset,fleet-01-p000057,2398.0,nozzle_heater_failure,0.9751,1363.694479108697,,,
fault_onset,fleet-01-p000018,2410.0,temperature_instability,0.9715,1504.3304440277002,,,
fault_onset,fleet-01-p000022,2423.0,sensor_drift_nozzle,0.4739,1190.7435005614939,,,
fault_onset,fleet-01-p000043,2428.0,bed_heater_failure,0.8417,762.422403071788,,,
fault_onset,fleet-01-p000052,2435.0,motor_overheating,0.9892,1247.0325358433622,,,
fault_onset,fleet-01-p000002,2440.0,temperature_instability,0.8941,1544.6627833249663,,,
fault_onset,fleet-01-p000054,2442.0,bed_heater_failure,0.717,1606.3129050279279,,,
fault_onset,fleet-01-p000056,2469.0,nozzle_heater_failure,0.5684,1227.368574512751,,,
fault_onset,fleet-01-p000047,2493.0,extrusion_blockage,0.5137,478.88125084033646,,,
fault_onset,fleet-01-p000013,2496.0,abnormal_cooling,0.8274,1438.5603375542908,,,
fault_onset,fleet-01-p000020,2500.0,nozzle_thermal_drift,0.4098,1651.1693600314024,,,
fault_onset,fleet-01-p000001,2502.0,nozzle_thermal_drift,0.7694,737.7723950541617,,,
maintenance_end,fleet-01-p000055,2503.0,,,,,,
fault_onset,fleet-01-p000010,2511.0,nozzle_thermal_drift,0.91,362.89645698786524,,,
fault_onset,fleet-01-p000052,2511.0,temperature_instability,0.6783,1127.5645290607363,,,
fault_onset,fleet-01-p000052,2518.0,extrusion_blockage,0.3811,628.1682547537857,,,
fault_onset,fleet-01-p000006,2529.0,bed_heater_failure,0.3801,1525.5838753625912,,,
fault_onset,fleet-01-p000050,2529.0,nozzle_thermal_drift,0.789,775.454090626698,,,
fault_onset,fleet-01-p000033,2537.0,sensor_drift_nozzle,0.4972,438.8714220430037,,,
fault_onset,fleet-01-p000011,2548.0,abnormal_cooling,0.9346,913.8878019900187,,,
fault_onset,fleet-01-p000056,2567.0,print_interruption,0.7409,0.0,,,
fault_onset,fleet-01-p000030,2567.0,print_interruption,0.6091,0.0,,,
print_failed,fleet-01-p000030,2567.0,power_anomaly,,,,,
print_failed,fleet-01-p000056,2567.0,abnormal_cooling,,,,,
maintenance_start,fleet-01-p000030,2567.0,,,,,,3447.2
maintenance_start,fleet-01-p000056,2567.0,,,,,,4928.3
fault_onset,fleet-01-p000007,2592.0,power_anomaly,0.9668,671.0890995064497,,,
fault_onset,fleet-01-p000006,2603.0,print_interruption,0.9924,0.0,,,
fault_onset,fleet-01-p000053,2610.0,temperature_instability,0.8521,955.9420893870267,,,
fault_onset,fleet-01-p000028,2618.0,power_anomaly,0.6786,326.72034492988985,,,
fault_onset,fleet-01-p000013,2622.0,power_anomaly,0.9817,891.6778264477673,,,
fault_onset,fleet-01-p000015,2632.0,abnormal_cooling,0.9478,1386.9950830408523,,,
fault_onset,fleet-01-p000002,2652.0,nozzle_heater_failure,0.5239,618.2156432493164,,,
print_complete,fleet-01-p000036,2653.0,,,,66.0,13.416,
fault_onset,fleet-01-p000043,2678.0,bed_heater_failure,0.9549,1088.6831022048143,,,
fault_onset,fleet-01-p000055,2696.0,nozzle_heater_failure,0.9158,383.18026418510414,,,
fault_onset,fleet-01-p000034,2698.0,abnormal_cooling,0.3413,1109.9751617173913,,,
fault_onset,fleet-01-p000023,2703.0,extrusion_blockage,0.6743,1227.8656887371492,,,
fault_onset,fleet-01-p000043,2717.0,sensor_drift_nozzle,0.667,1440.6352039587061,,,
fault_onset,fleet-01-p000025,2724.0,bed_heater_failure,0.6432,1582.464188501556,,,
fault_onset,fleet-01-p000041,2741.0,motor_overheating,0.3853,1699.4675170714065,,,
fault_onset,fleet-01-p000011,2752.0,sensor_noise,0.9535,497.2921902687391,,,
fault_onset,fleet-01-p000020,2777.0,bed_heater_failure,0.6553,1702.4557184313521,,,
fault_onset,fleet-01-p000020,2777.0,temperature_instability,0.8115,1752.5868513542373,,,
fault_onset,fleet-01-p000038,2777.0,nozzle_heater_failure,0.414,351.4759509903878,,,
fault_onset,fleet-01-p000018,2786.0,abnormal_cooling,0.829,1185.9578067759664,,,
fault_onset,fleet-01-p000034,2793.0,sensor_drift_nozzle,0.3981,1507.8903681981499,,,
fault_onset,fleet-01-p000002,2800.0,abnormal_cooling,0.3686,403.2455751829655,,,
print_start,fleet-01-p000059,2805.0,,,,102.0,,
fault_onset,fleet-01-p000018,2838.0,nozzle_heater_failure,0.8956,1468.2123567419067,,,
fault_onset,fleet-01-p000041,2847.0,temperature_instability,0.5473,1113.4282890811683,,,
fault_onset,fleet-01-p000058,2860.0,bed_heater_failure,0.8875,1775.355148145014,,,
fault_onset,fleet-01-p000042,2868.0,nozzle_thermal_drift,0.4371,1403.0869478384307,,,
fault_onset,fleet-01-p000012,2899.0,nozzle_heater_failure,0.7797,1162.5191400590693,,,
fault_onset,fleet-01-p000028,2901.0,extrusion_blockage,0.636,798.069679175793,,,
fault_onset,fleet-01-p000031,2908.0,motor_overheating,0.8287,629.7731051874288,,,
fault_onset,fleet-01-p000043,2909.0,nozzle_thermal_drift,0.759,1103.6369834513116,,,
fault_onset,fleet-01-p000028,2913.0,sensor_noise,0.8267,927.4209454926568,,,
fault_onset,fleet-01-p000002,2917.0,motor_overheating,0.8502,783.9655506632929,,,
fault_onset,fleet-01-p000050,2940.0,motor_overheating,0.3062,798.9148046208189,,,
print_start,fleet-01-p000047,2946.0,,,,103.0,,
fault_onset,fleet-01-p000057,2949.0,sensor_drift_nozzle,0.5079,619.4423420427614,,,
fault_onset,fleet-01-p000005,2950.0,extrusion_blockage,0.7691,714.910204276883,,,
fault_onset,fleet-01-p000012,2951.0,sensor_drift_nozzle,0.6962,1147.231124653024,,,
fault_onset,fleet-01-p000019,2972.0,sensor_noise,0.4776,1360.8209651419015,,,
fault_onset,fleet-01-p000058,2982.0,temperature_instability,0.7027,1737.575269727382,,,
print_start,fleet-01-p000006,2995.0,,,,100.0,,
maintenance_end,fleet-01-p000049,2995.0,,,,,,
fault_onset,fleet-01-p000027,3003.0,sensor_drift_nozzle,0.9149,1664.0274725391112,,,
fault_onset,fleet-01-p000038,3039.0,motor_overheating,0.4336,1730.5303593875778,,,
fault_onset,fleet-01-p000020,3049.0,nozzle_thermal_drift,0.8056,1374.896600156017,,,
fault_onset,fleet-01-p000050,3065.0,nozzle_thermal_drift,0.3238,826.3327363326035,,,
fault_onset,fleet-01-p000020,3082.0,power_anomaly,0.6793,1311.984889633982,,,
fault_onset,fleet-01-p000043,3083.0,bed_heater_failure,0.96,1056.6083403836835,,,
fault_onset,fleet-01-p000051,3092.0,print_interruption,0.5359,0.0,,,
print_failed,fleet-01-p000051,3092.0,print_interruption,,,,,
maintenance_start,fleet-01-p000051,3092.0,,,,,,220.7
fault_onset,fleet-01-p000020,3104.0,nozzle_thermal_drift,0.4265,349.5449857192914,,,
fault_onset,fleet-01-p000044,3112.0,abnormal_cooling,0.71,765.2864442777621,,,
fault_onset,fleet-01-p000052,3127.0,sensor_noise,0.8847,1583.3055701556227,,,
print_start,fleet-01-p000055,3145.0,,,,101.0,,
fault_onset,fleet-01-p000004,3167.0,temperature_instability,0.9673,600.7187076457192,,,
fault_onset,fleet-01-p000004,3169.0,sensor_drift_nozzle,0.7982,333.39029496909706,,,
fault_onset,fleet-01-p000024,3172.0,extrusion_blockage,0.6972,1798.189015191505,,,
fault_onset,fleet-01-p000045,3173.0,temperature_instability,0.8933,797.488864147145,,,
fault_onset,fleet-01-p000042,3190.0,temperature_instability,0.6169,752.3622349455449,,,
maintenance_end,fleet-01-p000029,3194.0,,,,,,
fault_onset,fleet-01-p000011,3200.0,sensor_drift_nozzle,0.6272,1163.3139432015175,,,
fault_onset,fleet-01-p000003,3204.0,print_interruption,0.7075,0.0,,,
print_failed,fleet-01-p000003,3204.0,print_interruption,,,,,
maintenance_start,fleet-01-p000003,3204.0,,,,,,4627.8
fault_onset,fleet-01-p000001,3208.0,nozzle_thermal_drift,0.8354,866.3171190698636,,,
print_complete,fleet-01-p000053,3215.0,,,,53.0,41.294,
print_complete,fleet-01-p000048,3229.0,,,,48.0,38.345,
fault_onset,fleet-01-p000032,3257.0,sensor_drift_nozzle,0.5581,643.6577866212248,,,
fault_onset,fleet-01-p000008,3259.0,nozzle_heater_failure,0.7422,697.6287352262959,,,
fault_onset,fleet-01-p000038,3260.0,abnormal_cooling,0.6391,604.6877209324258,,,
fault_onset,fleet-01-p000003,3264.0,motor_overheating,0.9522,1368.0681556595473,,,
fault_onset,fleet-01-p000020,3280.0,motor_overheating,0.8805,1143.1535197614617,,,
fault_onset,fleet-01-p000015,3284.0,power_anomaly,0.9257,1745.5025480315096,,,
fault_onset,fleet-01-p000057,3286.0,abnormal_cooling,0.7412,1601.2426371400404,,,
fault_onset,fleet-01-p000033,3301.0,power_anomaly,0.3757,1785.923620353398,,,
fault_onset,fleet-01-p000046,3310.0,temperature_instability,0.9671,711.2498553978056,,,
fault_onset,fleet-01-p000022,3313.0,sensor_drift_nozzle,0.8931,1352.643514608314,,,
maintenance_end,fleet-01-p000051,3313.0,,,,,,
fault_onset,fleet-01-p000009,3318.0,power_anomaly,0.3015,437.2699818032629,,,
fault_onset,fleet-01-p000034,3331.0,power_anomaly,0.3896,1280.5021937002355,,,
preheat_timeout,fleet-01-p000054,3333.0,,,,,,
maintenance_start,fleet-01-p000054,3333.0,,,,,,1081.7
print_complete,fleet-01-p000044,3336.0,,,,44.0,22.528,
fault_onset,fleet-01-p000042,3354.0,power_anomaly,0.4423,803.2559627865088,,,
fault_onset,fleet-01-p000023,3358.0,temperature_instability,0.5659,1362.4234632999976,,,
fault_onset,fleet-01-p000031,3367.0,temperature_instability,0.6533,389.47950142966084,,,
fault_onset,fleet-01-p000012,3374.0,power_anomaly,0.4182,953.6799116139277,,,
fault_onset,fleet-01-p000015,3379.0,abnormal_cooling,0.5336,619.2622114366764,,,
fault_onset,fleet-01-p000059,3380.0,sensor_drift_nozzle,0.6987,304.9465023820242,,,
fault_onset,fleet-01-p000058,3400.0,nozzle_thermal_drift,0.4582,739.1766744177075,,,
fault_onset,fleet-01-p000000,3404.0,sensor_noise,0.9307,1412.3286552880254,,,
fault_onset,fleet-01-p000009,3408.0,nozzle_heater_failure,0.9689,340.86501674632757,,,
fault_onset,fleet-01-p000034,3420.0,extrusion_blockage,0.3322,1059.1802998380454,,,
print_start,fleet-01-p000036,3423.0,,,,104.0,,
fault_onset,fleet-01-p000017,3432.0,sensor_noise,0.4474,787.3873984628109,,,
fault_onset,fleet-01-p000059,3440.0,bed_heater_failure,0.3292,1066.6388167192024,,,
fault_onset,fleet-01-p000027,3443.0,nozzle_heater_failure,0.4777,562.6420503765968,,,
fault_onset,fleet-01-p000057,3451.0,nozzle_heater_failure,0.7172,1136.1735343320306,,,
print_complete,fleet-01-p000022,3454.0,,,,22.0,38.211,
fault_onset,fleet-01-p000040,3462.0,temperature_instability,0.6637,1231.518315083206,,,
fault_onset,fleet-01-p000057,3466.0,nozzle_heater_failure,0.7413,1732.3025544283562,,,
print_complete,fleet-01-p000017,3475.0,,,,17.0,32.836,
print_start,fleet-01-p000051,3492.0,,,,106.0,,
fault_onset,fleet-01-p000021,3495.0,motor_overheating,0.7461,1066.1344998391667,,,
fault_onset,fleet-01-p000010,3495.0,nozzle_heater_failure,0.4096,1771.2864319417781,,,
fault_onset,fleet-01-p000057,3503.0,sensor_noise,0.5556,871.154457206069,,,
fault_onset,fleet-01-p000033,3505.0,temperature_instability,0.8831,1389.5697716167638,,,
print_start,fleet-01-p000048,3508.0,,,,108.0,,
fault_onset,fleet-01-p000032,3515.0,abnormal_cooling,0.4027,426.7481009871174,,,
print_start,fleet-01-p000029,3533.0,,,,105.0,,
fault_onset,fleet-01-p000033,3542.0,extrusion_blockage,0.9197,845.7217853334002,,,
fault_onset,fleet-01-p000043,3547.0,abnormal_cooling,0.334,646.8693925257172,,,
fault_onset,fleet-01-p000047,3552.0,motor_overheating,0.7796,358.36819675655016,,,
print_complete,fleet-01-p000038,3563.0,,,,38.0,44.317,
fault_onset,fleet-01-p000023,3565.0,bed_heater_failure,0.8778,1253.6402121714332,,,
fault_onset,fleet-01-p000014,3570.0,power_anomaly,0.7251,426.9539490054803,,,
fault_onset,fleet-01-p000014,3570.0,sensor_noise,0.9503,1332.9198831696576,,,
print_start,fleet-01-p000049,3593.0,,,,107.0,,
fault_onset,fleet-01-p000013,3607.0,sensor_drift_nozzle,0.9614,1711.6091695809089,,,
print_start,fleet-01-p000017,3608.0,,,,110.0,,
fault_onset,fleet-01-p000044,3619.0,sensor_noise,0.7095,565.7161526209813,,,
fault_onset,fleet-01-p000011,3621.0,power_anomaly,0.3401,631.4017831317756,,,
fault_onset,fleet-01-p000011,3629.0,sensor_drift_nozzle,0.5475,1434.2195921464736,,,
fault_onset,fleet-01-p000049,3631.0,temperature_instability,0.4388,840.7418827039666,,,
fault_onset,fleet-01-p000019,3631.0,nozzle_thermal_drift,0.7316,1255.5369993380418,,,
fault_onset,fleet-01-p000035,3640.0,extrusion_blockage,0.8065,785.6331272943463,,,
fault_onset,fleet-01-p000042,3646.0,extrusion_blockage,0.5726,328.22311487907234,,,
fault_onset,fleet-01-p000017,3649.0,bed_heater_failure,0.3459,1207.700510202658,,,
fault_onset,fleet-01-p000035,3658.0,motor_overheating,0.4139,570.532522482591,,,
fault_onset,fleet-01-p000044,3659.0,extrusion_blockage,0.5083,715.8755956027708,,,
fault_onset,fleet-01-p000036,3666.0,temperature_instability,0.407,1526.7534133254899,,,
fault_onset,fleet-01-p000046,3672.0,sensor_drift_nozzle,0.3494,1500.5991800296797,,,
print_start,fleet-01-p000022,3696.0,,,,111.0,,
fault_onset,fleet-01-p000027,3698.0,abnormal_cooling,0.7524,1734.4584789353678,,,
fault_onset,fleet-01-p000005,3699.0,nozzle_thermal_drift,0.818,809.2868899865589,,,
fault_onset,fleet-01-p000018,3711.0,motor_overheating,0.5327,669.1140773697792,,,
fault_onset,fleet-01-p000007,3711.0,nozzle_heater_failure,0.7853,649.7016256215682,,,
fault_onset,fleet-01-p000035,3730.0,print_interruption,0.9127,0.0,,,
print_failed,fleet-01-p000035,3730.0,extrusion_blockage,,,,,
maintenance_start,fleet-01-p000035,3730.0,,,,,,2586.3
fault_onset,fleet-01-p000039,3760.0,bed_heater_failure,0.7825,1317.9566074879597,,,
fault_onset,fleet-01-p000046,3776.0,nozzle_thermal_drift,0.8216,1027.3475256670868,,,
fault_onset,fleet-01-p000001,3782.0,power_anomaly,0.3963,899.5962863305473,,,
print_start,fleet-01-p000053,3783.0,,,,112.0,,
fault_onset,fleet-01-p000007,3798.0,abnormal_cooling,0.7507,1164.1991094428868,,,
maintenance_end,fleet-01-p000019,3806.0,,,,,,
maintenance_end,fleet-01-p000039,3843.0,,,,,,
fault_onset,fleet-01-p000002,3854.0,nozzle_thermal_drift,0.6094,1335.2705009665854,,,
fault_onset,fleet-01-p000042,3856.0,extrusion_blockage,0.3368,1221.6225230303478,,,
fault_onset,fleet-01-p000049,3881.0,temperature_instability,0.4686,1631.4925144230722,,,
fault_onset,fleet-01-p000031,3886.0,nozzle_heater_failure,0.7084,1138.087079140843,,,
fault_onset,fleet-01-p000049,3890.0,bed_heater_failure,0.7766,412.0303835923639,,,
fault_onset,fleet-01-p000015,3892.0,bed_heater_failure,0.3053,921.382711417643,,,
print_start,fleet-01-p000044,3892.0,,,,109.0,,
maintenance_end,fleet-01-p000052,3899.0,,,,,,
fault_onset,fleet-01-p000035,3900.0,abnormal_cooling,0.944,1114.017015007157,,,
fault_onset,fleet-01-p000039,3910.0,print_interruption,0.5904,0.0,,,
fault_onset,fleet-01-p000039,3924.0,bed_heater_failure,0.4746,769.7697876085082,,,
fault_onset,fleet-01-p000025,3931.0,nozzle_thermal_drift,0.7682,1537.615038204408,,,
fault_onset,fleet-01-p000034,3938.0,bed_heater_failure,0.5923,1464.8247300539447,,,
fault_onset,fleet-01-p000021,3963.0,power_anomaly,0.8788,1636.2460802035146,,,
fault_onset,fleet-01-p000031,3983.0,abnormal_cooling,0.9398,569.9215025971714,,,
fault_onset,fleet-01-p000057,3988.0,power_anomaly,0.841,1348.0641195302996,,,
print_start,fleet-01-p000038,3995.0,,,,113.0,,
fault_onset,fleet-01-p000038,3996.0,sensor_drift_nozzle,0.6481,1684.8049108211924,,,
fault_onset,fleet-01-p000019,4025.0,extrusion_blockage,0.5727,1337.8763304683434,,,
fault_onset,fleet-01-p000037,4032.0,bed_heater_failure,0.7843,411.1698100140784,,,
fault_onset,fleet-01-p000027,4043.0,sensor_drift_nozzle,0.5368,968.8360667878212,,,
fault_onset,fleet-01-p000004,4048.0,temperature_instability,0.3128,817.2758051120799,,,
fault_onset,fleet-01-p000056,4051.0,sensor_drift_nozzle,0.8007,954.7667733351003,,,
fault_onset,fleet-01-p000037,4062.0,temperature_instability,0.883,1515.9278111548035,,,
fault_onset,fleet-01-p000047,4069.0,extrusion_blockage,0.9132,921.8218870851736,,,
fault_onset,fleet-01-p000002,4069.0,nozzle_thermal_drift,0.4782,649.89346489975,,,
fault_onset,fleet-01-p000030,4070.0,nozzle_heater_failure,0.5011,858.8934492761119,,,
fault_onset,fleet-01-p000009,4079.0,nozzle_heater_failure,0.6501,482.7926142322426,,,
print_start,fleet-01-p000019,4083.0,,,,114.0,,
fault_onset,fleet-01-p000005,4085.0,sensor_drift_nozzle,0.4756,1459.93721479914,,,
print_complete,fleet-01-p000027,4089.0,,,,96.0,21.068,
fault_onset,fleet-01-p000004,4093.0,extrusion_blockage,0.472,893.4009468961925,,,
fault_onset,fleet-01-p000046,4103.0,nozzle_heater_failure,0.5496,696.9512481908278,,,
fault_onset,fleet-01-p000019,4113.0,sensor_noise,0.99,551.8196986664851,,,
fault_onset,fleet-01-p000040,4120.0,temperature_instability,0.6747,1763.3423549181036,,,
print_start,fleet-01-p000052,4122.0,,,,115.0,,
fault_onset,fleet-01-p000002,4131.0,nozzle_heater_failure,0.5852,1364.1884802491918,,,
fault_onset,fleet-01-p000019,4139.0,motor_overheating,0.8599,479.6738978148564,,,
fault_onset,fleet-01-p000020,4144.0,power_anomaly,0.6661,809.0634169453483,,,
fault_onset,fleet-01-p000018,4171.0,motor_overheating,0.5904,1324.880075190905,,,
fault_onset,fleet-01-p000038,4181.0,motor_overheating,0.8614,1515.6272137134204,,,
fault_onset,fleet-01-p000008,4182.0,nozzle_heater_failure,0.3555,1354.4253332026515,,,
fault_onset,fleet-01-p000013,4185.0,bed_heater_failure,0.5203,1034.9449694831392,,,
fault_onset,fleet-01-p000039,4193.0,sensor_drift_nozzle,0.9067,1039.3613706680837,,,
fault_onset,fleet-01-p000040,4201.0,temperature_instability,0.9945,727.5128431375407,,,
fault_onset,fleet-01-p000042,4222.0,print_interruption,0.3224,0.0,,,
print_failed,fleet-01-p000042,4222.0,nozzle_thermal_drift,,,,,
maintenance_start,fleet-01-p000042,4222.0,,,,,,1415.1
fault_onset,fleet-01-p000016,4225.0,motor_overheating,0.8369,1342.6844705378608,,,
fault_onset,fleet-01-p000011,4229.0,bed_heater_failure,0.9819,1760.0105951955666,,,
print_complete,fleet-01-p000057,4248.0,,,,57.0,26.672,
fault_onset,fleet-01-p000028,4266.0,bed_heater_failure,0.9908,835.994864041587,,,
fault_onset,fleet-01-p000021,4269.0,nozzle_thermal_drift,0.6748,690.1561248031389,,,
fault_onset,fleet-01-p000025,4269.0,power_anomaly,0.941,1636.3123115327496,,,
fault_onset,fleet-01-p000017,4270.0,sensor_drift_nozzle,0.6737,743.7009409317133,,,
fault_onset,fleet-01-p000001,4277.0,motor_overheating,0.6319,1111.2338326675736,,,
fault_onset,fleet-01-p000018,4279.0,nozzle_heater_failure,0.786,1773.7250288347268,,,
fault_onset,fleet-01-p000056,4287.0,sensor_drift_nozzle,0.9698,463.2789074889994,,,
fault_onset,fleet-01-p000040,4294.0,extrusion_blockage,0.4391,600.8652895564909,,,
print_complete,fleet-01-p000043,4307.0,,,,83.0,45.842,
fault_onset,fleet-01-p000030,4330.0,nozzle_heater_failure,0.37,1130.9993465836928,,,
fault_onset,fleet-01-p000008,4388.0,sensor_noise,0.453,687.9188478192294,,,
print_start,fleet-01-p000043,4391.0,,,,118.0,,
fault_onset,fleet-01-p000011,4392.0,temperature_instability,0.6524,1284.1297929412174,,,
fault_onset,fleet-01-p000007,4398.0,print_interruption,0.998,0.0,,,
print_failed,fleet-01-p000007,4398.0,abnormal_cooling,,,,,
maintenance_start,fleet-01-p000007,4398.0,,,,,,5322.9
maintenance_end,fleet-01-p000054,4415.0,,,,,,
fault_onset,fleet-01-p000014,4424.0,sensor_drift_nozzle,0.4389,797.0654916820697,,,
fault_onset,fleet-01-p000037,4428.0,temperature_instability,0.7786,1579.9043368202726,,,
fault_onset,fleet-01-p000011,4428.0,power_anomaly,0.4709,1260.842523718148,,,
fault_onset,fleet-01-p000032,4431.0,sensor_noise,0.3028,612.4780075526272,,,
fault_onset,fleet-01-p000016,4439.0,temperature_instability,0.5423,1704.414404082712,,,
fault_onset,fleet-01-p000021,4448.0,extrusion_blockage,0.9419,663.0425087712862,,,
print_start,fleet-01-p000039,4452.0,,,,116.0,,
fault_onset,fleet-01-p000000,4472.0,temperature_instability,0.769,1119.500449965837,,,
fault_onset,fleet-01-p000053,4476.0,bed_heater_failure,0.3122,1006.9466705030698,,,
fault_onset,fleet-01-p000027,4477.0,motor_overheating,0.3348,331.5070700029861,,,
fault_onset,fleet-01-p000014,4479.0,sensor_drift_nozzle,0.906,1121.0071883948356,,,
fault_onset,fleet-01-p000018,4489.0,print_interruption,0.5117,0.0,,,
print_failed,fleet-01-p000018,4489.0,nozzle_heater_failure,,,,,
maintenance_start,fleet-01-p000018,4489.0,,,,,,1011.9
fault_onset,fleet-01-p000010,4502.0,extrusion_blockage,0.4411,1220.5942686755654,,,
fault_onset,fleet-01-p000008,4523.0,bed_heater_failure,0.6425,850.4269590422219,,,
fault_onset,fleet-01-p000006,4546.0,motor_overheating,0.7736,760.8399701795244,,,
fault_onset,fleet-01-p000016,4561.0,bed_heater_failure,0.5283,1094.2711679871122,,,
fault_onset,fleet-01-p000014,4561.0,sensor_noise,0.904,1776.9262915647896,,,
fault_onset,fleet-01-p000017,4577.0,motor_overheating,0.609,1031.632860593954,,,
fault_onset,fleet-01-p000004,4587.0,power_anomaly,0.7186,960.213234770097,,,
fault_onset,fleet-01-p000023,4609.0,power_anomaly,0.8575,1359.420643205134,,,
fault_onset,fleet-01-p000039,4612.0,nozzle_thermal_drift,0.3519,1778.6778924419143,,,
fault_onset,fleet-01-p000016,4614.0,sensor_noise,0.6307,1520.2234177721452,,,
fault_onset,fleet-01-p000007,4616.0,power_anomaly,0.3049,455.4275005078708,,,
fault_onset,fleet-01-p000048,4624.0,sensor_drift_nozzle,0.9345,869.8458328818015,,,
fault_onset,fleet-01-p000058,4625.0,bed_heater_failure,0.3284,1155.5139552486053,,,
fault_onset,fleet-01-p000036,4639.0,power_anomaly,0.324,1072.6821043841505,,,
fault_onset,fleet-01-p000036,4642.0,sensor_noise,0.4466,1147.1202741605343,,,
fault_onset,fleet-01-p000007,4653.0,extrusion_blockage,0.3792,483.91678038422174,,,
fault_onset,fleet-01-p000040,4655.0,nozzle_thermal_drift,0.6428,1464.2204724610726,,,
fault_onset,fleet-01-p000046,4668.0,sensor_drift_nozzle,0.3195,662.8867349238488,,,
fault_onset,fleet-01-p000054,4672.0,extrusion_blockage,0.6541,1283.1628435003756,,,
fault_onset,fleet-01-p000007,4674.0,nozzle_thermal_drift,0.8185,434.49616368886376,,,
maintenance_end,fleet-01-p000028,4725.0,,,,,,
fault_onset,fleet-01-p000052,4737.0,temperature_instability,0.3541,960.849931180689,,,
fault_onset,fleet-01-p000048,4753.0,temperature_instability,0.6448,316.9681439809861,,,
fault_onset,fleet-01-p000051,4753.0,sensor_noise,0.6159,1050.2243520818179,,,
fault_onset,fleet-01-p000016,4761.0,print_interruption,0.5727,0.0,,,
print_failed,fleet-01-p000016,4761.0,motor_overheating,,,,,
maintenance_start,fleet-01-p000016,4761.0,,,,,,1708.2
fault_onset,fleet-01-p000034,4762.0,bed_heater_failure,0.301,668.196952777302,,,
fault_onset,fleet-01-p000045,4786.0,temperature_instability,0.6674,377.03383441251054,,,
fault_onset,fleet-01-p000011,4797.0,nozzle_heater_failure,0.7936,679.8943936075237,,,
fault_onset,fleet-01-p000052,4808.0,print_interruption,0.9858,0.0,,,
fault_onset,fleet-01-p000044,4808.0,motor_overheating,0.4366,1693.697792004812,,,
fault_onset,fleet-01-p000020,4823.0,extrusion_blockage,0.9098,1349.774757455423,,,
fault_onset,fleet-01-p000058,4832.0,motor_overheating,0.9761,1294.236668683565,,,
fault_onset,fleet-01-p000048,4852.0,power_anomaly,0.5888,1140.3199943574268,,,
fault_onset,fleet-01-p000037,4857.0,nozzle_heater_failure,0.9401,1732.1046663536301,,,
fault_onset,fleet-01-p000000,4857.0,print_interruption,0.4379,0.0,,,
print_failed,fleet-01-p000000,4857.0,temperature_instability,,,,,
maintenance_start,fleet-01-p000000,4857.0,,,,,,946.4
fault_onset,fleet-01-p000008,4861.0,temperature_instability,0.5225,487.313070575902,,,
fault_onset,fleet-01-p000046,4870.0,power_anomaly,0.3772,1572.7105917042309,,,
fault_onset,fleet-01-p000039,4884.0,nozzle_heater_failure,0.977,600.0989332579206,,,
fault_onset,fleet-01-p000000,4886.0,nozzle_thermal_drift,0.4744,1584.2357583060211,,,
fault_onset,fleet-01-p000047,4889.0,motor_overheating,0.6777,1166.3578285273582,,,
fault_onset,fleet-01-p000046,4892.0,sensor_drift_nozzle,0.8878,900.0913126333598,,,
fault_onset,fleet-01-p000009,4898.0,bed_heater_failure,0.6744,1261.9105161973482,,,
fault_onset,fleet-01-p000023,4925.0,abnormal_cooling,0.5434,1561.9831592940495,,,
fault_onset,fleet-01-p000003,4963.0,sensor_drift_nozzle,0.4009,1250.9881317243783,,,
fault_onset,fleet-01-p000050,4975.0,abnormal_cooling,0.6496,700.8279383891886,,,
maintenance_end,fleet-01-p000050,4976.0,,,,,,
fault_onset,fleet-01-p000016,4981.0,temperature_instability,0.4578,1049.3985260533802,,,
fault_onset,fleet-01-p000010,5001.0,abnormal_cooling,0.6238,345.2683120571813,,,
fault_onset,fleet-01-p000051,5002.0,temperature_instability,0.6907,1640.91603999469,,,
fault_onset,fleet-01-p000038,5011.0,print_interruption,0.9587,0.0,,,
print_failed,fleet-01-p000038,5011.0,motor_overheating,,,,,
maintenance_start,fleet-01-p000038,5011.0,,,,,,3838.5
fault_onset,fleet-01-p000036,5024.0,temperature_instability,0.4089,1387.5488182088257,,,
fault_onset,fleet-01-p000034,5028.0,motor_overheating,0.3765,1757.9614483920057,,,
fault_onset,fleet-01-p000050,5033.0,print_interruption,0.7293,0.0,,,
fault_onset,fleet-01-p000037,5034.0,extrusion_blockage,0.6307,953.8713198399483,,,
fault_onset,fleet-01-p000000,5037.0,motor_overheating,0.9969,351.1495680636703,,,
fault_onset,fleet-01-p000053,5043.0,sensor_drift_nozzle,0.9562,1325.5602391447812,,,
fault_onset,fleet-01-p000022,5051.0,nozzle_thermal_drift,0.3159,376.95423561195435,,,
fault_onset,fleet-01-p000041,5056.0,sensor_noise,0.6279,1405.5755413856261,,,
fault_onset,fleet-01-p000056,5057.0,print_interruption,0.8697,0.0,,,
fault_onset,fleet-01-p000020,5069.0,abnormal_cooling,0.8806,456.1225906392249,,,
fault_onset,fleet-01-p000050,5069.0,nozzle_heater_failure,0.4138,1577.9238932104302,,,
fault_onset,fleet-01-p000050,5069.0,print_interruption,0.8606,0.0,,,
fault_onset,fleet-01-p000039,5081.0,sensor_noise,0.5549,1372.938333910057,,,
fault_onset,fleet-01-p000015,5083.0,power_anomaly,0.3561,1784.7849117072892,,,
fault_onset,fleet-01-p000017,5091.0,sensor_drift_nozzle,0.6812,1572.949160517464,,,
fault_onset,fleet-01-p000045,5115.0,sensor_noise,0.604,1709.90608437689,,,
fault_onset,fleet-01-p000001,5117.0,temperature_instability,0.6913,1254.9943874012833,,,
print_complete,fleet-01-p000021,5118.0,,,,21.0,49.844,
fault_onset,fleet-01-p000016,5126.0,motor_overheating,0.4536,492.02049424120844,,,
fault_onset,fleet-01-p000039,5136.0,abnormal_cooling,0.7294,1160.5315767785914,,,
fault_onset,fleet-01-p000043,5143.0,abnormal_cooling,0.3257,853.9021428695919,,,
fault_onset,fleet-01-p000019,5144.0,nozzle_thermal_drift,0.9157,336.5949646996533,,,
fault_onset,fleet-01-p000015,5154.0,nozzle_thermal_drift,0.5133,903.4234929902958,,,
fault_onset,fleet-01-p000006,5155.0,abnormal_cooling,0.5425,819.9952581615944,,,
fault_onset,fleet-01-p000019,5167.0,extrusion_blockage,0.4958,927.1323649404975,,,
fault_onset,fleet-01-p000015,5171.0,abnormal_cooling,0.3376,1445.2983710204094,,,
fault_onset,fleet-01-p000023,5191.0,bed_heater_failure,0.9727,303.5292795359084,,,
fault_onset,fleet-01-p000004,5203.0,temperature_instability,0.9001,1230.5794875707986,,,
fault_onset,fleet-01-p000002,5206.0,power_anomaly,0.8358,1519.440621451827,,,
fault_onset,fleet-01-p000044,5211.0,extrusion_blockage,0.5963,1301.984975158759,,,
print_start,fleet-01-p000054,5235.0,,,,121.0,,
print_start,fleet-01-p000057,5240.0,,,,117.0,,
fault_onset,fleet-01-p000008,5258.0,sensor_noise,0.5586,302.6469468558397,,,
fault_onset,fleet-01-p000034,5260.0,nozzle_thermal_drift,0.5649,672.7018031159255,,,
fault_onset,fleet-01-p000041,5260.0,temperature_instability,0.4389,460.2217975476032,,,
fault_onset,fleet-01-p000013,5263.0,nozzle_heater_failure,0.3352,1282.5471043822954,,,
fault_onset,fleet-01-p000025,5267.0,extrusion_blockage,0.7173,1022.9255316682699,,,
fault_onset,fleet-01-p000048,5274.0,nozzle_thermal_drift,0.4994,576.800201953631,,,
fault_onset,fleet-01-p000007,5283.0,print_interruption,0.6524,0.0,,,
print_start,fleet-01-p000028,5296.0,,,,122.0,,
fault_onset,fleet-01-p000004,5321.0,nozzle_thermal_drift,0.7051,828.846480273067,,,
fault_onset,fleet-01-p000009,5338.0,temperature_instability,0.3142,1337.8873861403881,,,
fault_onset,fleet-01-p000001,5342.0,power_anomaly,0.7987,964.7915318688023,,,
fault_onset,fleet-01-p000058,5361.0,nozzle_thermal_drift,0.5767,1203.8348459128001,,,
maintenance_end,fleet-01-p000005,5364.0,,,,,,
fault_onset,fleet-01-p000028,5399.0,sensor_noise,0.6437,1713.3672959132825,,,
fault_onset,fleet-01-p000041,5413.0,extrusion_blockage,0.8572,1558.215916529802,,,
fault_onset,fleet-01-p000052,5417.0,sensor_noise,0.4627,391.73844637334764,,,
fault_onset,fleet-01-p000028,5420.0,extrusion_blockage,0.4709,487.8907572469723,,,
fault_onset,fleet-01-p000022,5431.0,nozzle_thermal_drift,0.7849,1299.5455561827769,,,
fault_onset,fleet-01-p000017,5451.0,sensor_noise,0.329,817.9001912903383,,,
print_start,fleet-01-p000027,5451.0,,,,119.0,,
fault_onset,fleet-01-p000054,5458.0,bed_heater_failure,0.7953,983.1705604392534,,,
fault_onset,fleet-01-p000031,5458.0,extrusion_blockage,0.7237,1195.0607282204141,,,
print_complete,fleet-01-p000031,5469.0,,,,88.0,30.83,
fault_onset,fleet-01-p000037,5472.0,sensor_noise,0.7366,1469.5873766718325,,,
fault_onset,fleet-01-p000016,5479.0,print_interruption,0.4716,0.0,,,
fault_onset,fleet-01-p000025,5482.0,nozzle_thermal_drift,0.4883,728.4060508693415,,,
fault_onset,fleet-01-p000031,5498.0,sensor_noise,0.872,825.1324472613884,,,
maintenance_end,fleet-01-p000018,5501.0,,,,,,
print_start,fleet-01-p000031,5507.0,,,,124.0,,
fault_onset,fleet-01-p000011,5513.0,motor_overheating,0.7092,480.38651978880966,,,
fault_onset,fleet-01-p000013,5526.0,nozzle_thermal_drift,0.484,905.7093216535833,,,
fault_onset,fleet-01-p000058,5530.0,bed_heater_failure,0.5147,1765.4580143678318,,,
fault_onset,fleet-01-p000001,5531.0,nozzle_heater_failure,0.9116,1015.9272218346924,,,
fault_onset,fleet-01-p000030,5532.0,power_anomaly,0.3112,1505.655094236342,,,
fault_onset,fleet-01-p000010,5532.0,nozzle_thermal_drift,0.4022,1737.761799347309,,,
print_start,fleet-01-p000021,5533.0,,,,123.0,,
fault_onset,fleet-01-p000038,5553.0,abnormal_cooling,0.6937,1276.6828450158732,,,
fault_onset,fleet-01-p000035,5556.0,print_interruption,0.8934,0.0,,,
fault_onset,fleet-01-p000052,5575.0,motor_overheating,0.3741,521.8889389747837,,,
fault_onset,fleet-01-p000053,5583.0,temperature_instability,0.699,986.916315406803,,,
fault_onset,fleet-01-p000052,5603.0,bed_heater_failure,0.7614,1794.7746559955092,,,
fault_onset,fleet-01-p000048,5609.0,abnormal_cooling,0.3962,306.3881004627424,,,
fault_onset,fleet-01-p000056,5622.0,nozzle_thermal_drift,0.913,1227.5421936158743,,,
fault_onset,fleet-01-p000031,5634.0,bed_heater_failure,0.695,1797.363711481462,,,
fault_onset,fleet-01-p000045,5634.0,extrusion_blockage,0.3032,1186.1985338266402,,,
maintenance_end,fleet-01-p000042,5638.0,,,,,,
fault_onset,fleet-01-p000047,5657.0,temperature_instability,0.5203,1395.8706838653734,,,
maintenance_end,fleet-01-p000040,5683.0,,,,,,
fault_onset,fleet-01-p000057,5711.0,abnormal_cooling,0.8305,1621.7769468815047,,,
fault_onset,fleet-01-p000030,5715.0,nozzle_thermal_drift,0.8526,794.1366329461478,,,
fault_onset,fleet-01-p000000,5763.0,nozzle_heater_failure,0.3597,872.968280369683,,,
fault_onset,fleet-01-p000012,5767.0,extrusion_blockage,0.9787,1136.046813272387,,,
fault_onset,fleet-01-p000007,5785.0,temperature_instability,0.4152,648.2106361688301,,,
fault_onset,fleet-01-p000055,5788.0,nozzle_heater_failure,0.447,1261.9398458898768,,,
fault_onset,fleet-01-p000003,5792.0,nozzle_thermal_drift,0.3427,499.06127127458706,,,
print_start,fleet-01-p000050,5792.0,,,,120.0,,
fault_onset,fleet-01-p000018,5797.0,bed_heater_failure,0.9342,1080.5690054134293,,,
fault_onset,fleet-01-p000014,5802.0,nozzle_thermal_drift,0.3615,1184.9520828774264,,,
maintenance_end,fleet-01-p000000,5804.0,,,,,,
fault_onset,fleet-01-p000035,5809.0,motor_overheating,0.3018,1715.8578237444901,,,
fault_onset,fleet-01-p000007,5813.0,abnormal_cooling,0.9298,1610.0527375582744,,,
fault_onset,fleet-01-p000047,5816.0,print_interruption,0.6251,0.0,,,
fault_onset,fleet-01-p000053,5847.0,bed_heater_failure,0.4571,1079.0410719485408,,,
fault_onset,fleet-01-p000038,5853.0,temperature_instability,0.4625,351.6492756704525,,,
fault_onset,fleet-01-p000008,5861.0,abnormal_cooling,0.9793,1575.8840514389212,,,
fault_onset,fleet-01-p000023,5863.0,print_interruption,0.9405,0.0,,,
print_failed,fleet-01-p000023,5863.0,power_anomaly,,,,,
maintenance_start,fleet-01-p000023,5863.0,,,,,,1000.7
fault_onset,fleet-01-p000013,5883.0,extrusion_blockage,0.8237,706.0435513247363,,,
fault_onset,fleet-01-p000023,5886.0,extrusion_blockage,0.9722,889.7461803204596,,,
fault_onset,fleet-01-p000058,5899.0,sensor_drift_nozzle,0.371,743.5226459059222,,,
fault_onset,fleet-01-p000039,5907.0,power_anomaly,0.3631,1344.1267461572672,,,
fault_onset,fleet-01-p000010,5914.0,power_anomaly,0.9752,1537.8348874201338,,,
fault_onset,fleet-01-p000050,5919.0,abnormal_cooling,0.7073,868.0586299110533,,,
fault_onset,fleet-01-p000031,5944.0,power_anomaly,0.9162,1144.968320303008,,,
fault_onset,fleet-01-p000059,5945.0,sensor_drift_nozzle,0.3956,896.9115262846359,,,
fault_onset,fleet-01-p000029,5957.0,nozzle_heater_failure,0.4927,1182.927539946038,,,
print_start,fleet-01-p000042,5976.0,,,,125.0,,
print_complete,fleet-01-p000008,5994.0,,,,76.0,57.635,
print_complete,fleet-01-p000037,5999.0,,,,91.0,46.037,
maintenance_end,fleet-01-p000030,6015.0,,,,,,
print_complete,fleet-01-p000012,6026.0,,,,12.0,70.308,
fault_onset,fleet-01-p000041,6034.0,sensor_noise,0.5325,1369.8711796462997,,,
fault_onset,fleet-01-p000006,6036.0,print_interruption,0.3956,0.0,,,
print_start,fleet-01-p000012,6059.0,,,,129.0,,
print_start,fleet-01-p000000,6060.0,,,,126.0,,
fault_onset,fleet-01-p000038,6065.0,sensor_noise,0.3277,840.2820220648009,,,
fault_onset,fleet-01-p000033,6071.0,nozzle_thermal_drift,0.4237,635.615065040222,,,
fault_onset,fleet-01-p000043,6078.0,print_interruption,0.5081,0.0,,,
print_failed,fleet-01-p000043,6078.0,print_interruption,,,,,
maintenance_start,fleet-01-p000043,6078.0,,,,,,189.9
fault_onset,fleet-01-p000035,6086.0,extrusion_blockage,0.5758,478.2457002764187,,,
fault_onset,fleet-01-p000003,6092.0,sensor_noise,0.9537,1126.691219835962,,,
fault_onset,fleet-01-p000021,6106.0,abnormal_cooling,0.8394,1104.6457648713047,,,
fault_onset,fleet-01-p000032,6113.0,bed_heater_failure,0.57,1543.8192230608013,,,
print_start,fleet-01-p000005,6164.0,,,,127.0,,
fault_onset,fleet-01-p000027,6173.0,bed_heater_failure,0.9038,1646.3166039715275,,,
fault_onset,fleet-01-p000015,6178.0,print_interruption,0.6089,0.0,,,
print_failed,fleet-01-p000015,6178.0,power_anomaly,,,,,
maintenance_start,fleet-01-p000015,6178.0,,,,,,759.1
fault_onset,fleet-01-p000034,6198.0,temperature_instability,0.4295,932.0791813881004,,,
fault_onset,fleet-01-p000049,6218.0,sensor_drift_nozzle,0.5511,571.726586331036,,,
fault_onset,fleet-01-p000045,6232.0,bed_heater_failure,0.4442,1039.0142309470136,,,
fault_onset,fleet-01-p000003,6234.0,print_interruption,0.374,0.0,,,
fault_onset,fleet-01-p000031,6240.0,motor_overheating,0.5006,606.343542113046,,,
fault_onset,fleet-01-p000023,6245.0,print_interruption,0.3496,0.0,,,
fault_onset,fleet-01-p000048,6255.0,nozzle_thermal_drift,0.4701,373.1934222308599,,,
maintenance_end,fleet-01-p000043,6268.0,,,,,,
fault_onset,fleet-01-p000047,6273.0,nozzle_heater_failure,0.7498,881.3717778379923,,,
fault_onset,fleet-01-p000044,6274.0,temperature_instability,0.7083,924.144288686646,,,
fault_onset,fleet-01-p000012,6303.0,power_anomaly,0.5237,1176.3486883746996,,,
fault_onset,fleet-01-p000053,6309.0,bed_heater_failure,0.404,692.8937017302691,,,
fault_onset,fleet-01-p000041,6313.0,print_interruption,0.8754,0.0,,,
print_failed,fleet-01-p000041,6313.0,extrusion_blockage,,,,,
maintenance_start,fleet-01-p000041,6313.0,,,,,,1488.1
fault_onset,fleet-01-p000002,6314.0,temperature_instability,0.632,488.66304298038676,,,
maintenance_end,fleet-01-p000035,6317.0,,,,,,
fault_onset,fleet-01-p000048,6331.0,print_interruption,0.4667,0.0,,,
print_failed,fleet-01-p000048,6331.0,nozzle_thermal_drift,,,,,
maintenance_start,fleet-01-p000048,6331.0,,,,,,3004.7
print_start,fleet-01-p000040,6332.0,,,,131.0,,
fault_onset,fleet-01-p000059,6344.0,sensor_drift_nozzle,0.3564,1289.671762247743,,,
fault_onset,fleet-01-p000031,6349.0,nozzle_thermal_drift,0.625,1309.7887362231913,,,
fault_onset,fleet-01-p000024,6354.0,motor_overheating,0.7606,417.91140270088584,,,
print_start,fleet-01-p000043,6389.0,,,,133.0,,
fault_onset,fleet-01-p000052,6394.0,power_anomaly,0.6898,1468.5924009020305,,,
fault_onset,fleet-01-p000034,6397.0,print_interruption,0.5358,0.0,,,
fault_onset,fleet-01-p000022,6403.0,extrusion_blockage,0.4262,882.7266733036276,,,
fault_onset,fleet-01-p000049,6412.0,temperature_instability,0.9691,970.0738051236541,,,
fault_onset,fleet-01-p000035,6413.0,bed_heater_failure,0.8375,1118.5165382134214,,,
fault_onset,fleet-01-p000009,6427.0,nozzle_thermal_drift,0.6748,1547.7889513527589,,,
fault_onset,fleet-01-p000025,6431.0,motor_overheating,0.8859,1119.5923246639104,,,
fault_onset,fleet-01-p000032,6451.0,motor_overheating,0.9945,1672.9688187059553,,,
fault_onset,fleet-01-p000047,6452.0,motor_overheating,0.8549,1433.335759375776,,,
fault_onset,fleet-01-p000033,6452.0,nozzle_heater_failure,0.8319,1089.3202326982587,,,
fault_onset,fleet-01-p000051,6455.0,sensor_noise,0.3554,1246.7607986904518,,,
fault_onset,fleet-01-p000057,6461.0,temperature_instability,0.3144,481.60919572255193,,,
fault_onset,fleet-01-p000045,6461.0,extrusion_blockage,0.4173,1474.0280010165307,,,
maintenance_end,fleet-01-p000016,6470.0,,,,,,
fault_onset,fleet-01-p000056,6471.0,temperature_instability,0.8496,1473.6509322885463,,,
fault_onset,fleet-01-p000007,6471.0,temperature_instability,0.5578,681.1023088796148,,,
fault_onset,fleet-01-p000048,6480.0,motor_overheating,0.636,1308.1177475320942,,,
fault_onset,fleet-01-p000044,6480.0,nozzle_heater_failure,0.8208,1273.7466936335688,,,
fault_onset,fleet-01-p000005,6493.0,print_interruption,0.801,0.0,,,
print_start,fleet-01-p000030,6498.0,,,,132.0,,
fault_onset,fleet-01-p000006,6499.0,nozzle_heater_failure,0.3342,362.1371612913499,,,
fault_onset,fleet-01-p000039,6499.0,bed_heater_failure,0.4694,939.1249759947904,,,
fault_onset,fleet-01-p000006,6509.0,motor_overheating,0.8252,1516.6422354572544,,,
fault_onset,fleet-01-p000018,6512.0,power_anomaly,0.3773,895.6116337005418,,,
fault_onset,fleet-01-p000048,6518.0,nozzle_thermal_drift,0.306,1527.278853332398,,,
fault_onset,fleet-01-p000055,6519.0,abnormal_cooling,0.3151,1321.823814662399,,,
fault_onset,fleet-01-p000052,6528.0,sensor_drift_nozzle,0.7814,577.6974997347669,,,
fault_onset,fleet-01-p000042,6533.0,power_anomaly,0.7812,1592.2216202562226,,,
fault_onset,fleet-01-p000053,6534.0,temperature_instability,0.313,1547.7867220447422,,,
fault_onset,fleet-01-p000043,6536.0,temperature_instability,0.7447,870.0271770417971,,,
fault_onset,fleet-01-p000028,6548.0,sensor_drift_nozzle,0.387,994.3184045879838,,,
fault_onset,fleet-01-p000028,6552.0,extrusion_blockage,0.7383,625.2114787194266,,,
fault_onset,fleet-01-p000032,6565.0,extrusion_blockage,0.9968,1141.8854315464891,,,
fault_onset,fleet-01-p000009,6575.0,bed_heater_failure,0.6072,506.39851044652187,,,
fault_onset,fleet-01-p000018,6655.0,print_interruption,0.6088,0.0,,,
fault_onset,fleet-01-p000010,6673.0,nozzle_thermal_drift,0.7293,885.8149875564194,,,
print_start,fleet-01-p000037,6676.0,,,,134.0,,
fault_onset,fleet-01-p000040,6687.0,extrusion_blockage,0.8293,795.9345184848685,,,
fault_onset,fleet-01-p000019,6691.0,extrusion_blockage,0.8885,1250.5922181396193,,,
fault_onset,fleet-01-p000056,6695.0,sensor_noise,0.4483,1762.7702329136068,,,
fault_onset,fleet-01-p000031,6696.0,abnormal_cooling,0.6279,1495.8607692194696,,,
fault_onset,fleet-01-p000013,6700.0,motor_overheating,0.4816,1113.3442472195643,,,
fault_onset,fleet-01-p000013,6702.0,print_interruption,0.8732,0.0,,,
print_failed,fleet-01-p000013,6702.0,motor_overheating,,,,,
maintenance_start,fleet-01-p000013,6702.0,,,,,,1334.8
fault_onset,fleet-01-p000053,6705.0,bed_heater_failure,0.7768,483.08420108832524,,,
print_complete,fleet-01-p000011,6714.0,,,,11.0,72.134,
fault_onset,fleet-01-p000016,6721.0,sensor_noise,0.8969,1221.1450136730439,,,
fault_onset,fleet-01-p000039,6743.0,temperature_instability,0.5352,1166.8015132901164,,,
fault_onset,fleet-01-p000053,6748.0,motor_overheating,0.7761,1285.8694788349726,,,
fault_onset,fleet-01-p000038,6760.0,temperature_instability,0.9003,1692.9009160121072,,,
fault_onset,fleet-01-p000038,6779.0,abnormal_cooling,0.6762,466.0643311061658,,,
fault_onset,fleet-01-p000047,6795.0,nozzle_heater_failure,0.8252,894.6591854843231,,,
fault_onset,fleet-01-p000051,6810.0,abnormal_cooling,0.3895,1598.0137169245604,,,
fault_onset,fleet-01-p000015,6811.0,extrusion_blockage,0.7096,839.4476159501083,,,
fault_onset,fleet-01-p000046,6813.0,power_anomaly,0.7661,657.2365226670729,,,
fault_onset,fleet-01-p000006,6817.0,sensor_drift_nozzle,0.6725,733.3795097693933,,,
fault_onset,fleet-01-p000029,6853.0,nozzle_heater_failure,0.4615,659.5500005755298,,,
fault_onset,fleet-01-p000039,6859.0,nozzle_thermal_drift,0.8751,904.2089182375217,,,
maintenance_end,fleet-01-p000023,6864.0,,,,,,
fault_onset,fleet-01-p000021,6871.0,sensor_drift_nozzle,0.4918,1138.2333469333196,,,
print_start,fleet-01-p000011,6875.0,,,,136.0,,
fault_onset,fleet-01-p000023,6883.0,abnormal_cooling,0.3551,1443.6604815304245,,,
fault_onset,fleet-01-p000035,6916.0,print_interruption,0.3174,0.0,,,
preheat_timeout,fleet-01-p000018,6924.0,,,,,,
maintenance_start,fleet-01-p000018,6924.0,,,,,,1625.2
fault_onset,fleet-01-p000006,6930.0,extrusion_blockage,0.6411,1227.0573751770119,,,
fault_onset,fleet-01-p000022,6931.0,abnormal_cooling,0.4595,1538.2848251376188,,,
maintenance_end,fleet-01-p000015,6938.0,,,,,,
fault_onset,fleet-01-p000043,6939.0,bed_heater_failure,0.9587,761.5078976441499,,,
fault_onset,fleet-01-p000030,6952.0,abnormal_cooling,0.6088,671.6877482511715,,,
fault_onset,fleet-01-p000008,6952.0,power_anomaly,0.893,1374.0382820461018,,,
fault_onset,fleet-01-p000013,6957.0,bed_heater_failure,0.3849,370.0605586984114,,,
fault_onset,fleet-01-p000038,6959.0,sensor_noise,0.9861,1084.5869098920757,,,
fault_onset,fleet-01-p000008,6985.0,nozzle_thermal_drift,0.35,551.9465891364017,,,
fault_onset,fleet-01-p000047,6991.0,sensor_noise,0.7824,912.4317467000743,,,
fault_onset,fleet-01-p000008,6992.0,nozzle_thermal_drift,0.6426,515.9213960516969,,,
fault_onset,fleet-01-p000038,6997.0,motor_overheating,0.5684,1197.1803581358888,,,
fault_onset,fleet-01-p000025,7002.0,sensor_drift_nozzle,0.5218,1711.846327504727,,,
fault_onset,fleet-01-p000043,7003.0,nozzle_heater_failure,0.699,969.1091159678504,,,
preheat_timeout,fleet-01-p000008,7008.0,,,,,,
maintenance_start,fleet-01-p000008,7008.0,,,,,,2291.5
fault_onset,fleet-01-p000032,7011.0,bed_heater_failure,0.856,764.9108272724174,,,
fault_onset,fleet-01-p000011,7015.0,sensor_drift_nozzle,0.7696,511.46150237522164,,,
fault_onset,fleet-01-p000055,7024.0,power_anomaly,0.9569,1053.4941970818297,,,
fault_onset,fleet-01-p000027,7038.0,bed_heater_failure,0.6762,501.81429285690143,,,
fault_onset,fleet-01-p000058,7044.0,sensor_drift_nozzle,0.8922,380.90736284026457,,,
fault_onset,fleet-01-p000045,7045.0,abnormal_cooling,0.3883,1145.5588476484515,,,
fault_onset,fleet-01-p000052,7054.0,motor_overheating,0.3813,785.9049043395554,,,
fault_onset,fleet-01-p000035,7082.0,abnormal_cooling,0.6145,1035.7573947206317,,,
fault_onset,fleet-01-p000049,7083.0,nozzle_heater_failure,0.4263,756.7512796356932,,,
print_start,fleet-01-p000023,7091.0,,,,137.0,,
fault_onset,fleet-01-p000010,7100.0,print_interruption,0.3412,0.0,,,
print_failed,fleet-01-p000010,7100.0,power_anomaly,,,,,
maintenance_start,fleet-01-p000010,7100.0,,,,,,430.3
fault_onset,fleet-01-p000053,7113.0,sensor_noise,0.7289,359.84469666465384,,,
fault_onset,fleet-01-p000055,7128.0,print_interruption,0.4442,0.0,,,
fault_onset,fleet-01-p000052,7142.0,print_interruption,0.6683,0.0,,,
fault_onset,fleet-01-p000055,7145.0,nozzle_thermal_drift,0.732,1450.7456208594026,,,
fault_onset,fleet-01-p000024,7149.0,bed_heater_failure,0.3695,504.11362276065404,,,
fault_onset,fleet-01-p000055,7164.0,nozzle_thermal_drift,0.4259,1649.474713956828,,,
fault_onset,fleet-01-p000049,7175.0,temperature_instability,0.5975,1617.9898856966447,,,
fault_onset,fleet-01-p000005,7176.0,temperature_instability,0.8307,509.0342464802093,,,
fault_onset,fleet-01-p000043,7176.0,sensor_noise,0.558,516.4146274302192,,,
fault_onset,fleet-01-p000042,7185.0,abnormal_cooling,0.567,516.3753962712025,,,
fault_onset,fleet-01-p000046,7191.0,sensor_drift_nozzle,0.7975,931.4076917751207,,,
fault_onset,fleet-01-p000051,7191.0,sensor_noise,0.9878,1394.931211114263,,,
fault_onset,fleet-01-p000006,7197.0,temperature_instability,0.9363,1282.5807674794194,,,
fault_onset,fleet-01-p000014,7205.0,abnormal_cooling,0.4331,765.268626392216,,,
fault_onset,fleet-01-p000026,7210.0,nozzle_thermal_drift,0.646,1350.7014493501943,,,
fault_onset,fleet-01-p000001,7227.0,temperature_instability,0.5051,540.9703305724521,,,
fault_onset,fleet-01-p000023,7264.0,nozzle_heater_failure,0.7631,360.6090773830637,,,
fault_onset,fleet-01-p000048,7272.0,sensor_noise,0.4275,326.25485228141144,,,
fault_onset,fleet-01-p000051,7273.0,nozzle_heater_failure,0.5611,721.3456604332399,,,
fault_onset,fleet-01-p000057,7283.0,motor_overheating,0.3336,1426.568234765124,,,
fault_onset,fleet-01-p000041,7284.0,nozzle_heater_failure,0.3492,1001.2284646343733,,,
fault_onset,fleet-01-p000059,7285.0,abnormal_cooling,0.7598,1549.9265463838415,,,
fault_onset,fleet-01-p000059,7286.0,temperature_instability,0.4542,1766.4404973406088,,,
fault_onset,fleet-01-p000051,7296.0,sensor_noise,0.6178,1259.3320725421993,,,
print_start,fleet-01-p000015,7303.0,,,,138.0,,
fault_onset,fleet-01-p000002,7308.0,print_interruption,0.3108,0.0,,,
fault_onset,fleet-01-p000013,7316.0,sensor_drift_nozzle,0.8011,1485.8263019869441,,,
fault_onset,fleet-01-p000052,7333.0,nozzle_thermal_drift,0.9787,676.6942814989743,,,
fault_onset,fleet-01-p000002,7341.0,temperature_instability,0.4292,343.96272392131453,,,
fault_onset,fleet-01-p000036,7348.0,nozzle_heater_failure,0.8654,1053.1813304686257,,,
fault_onset,fleet-01-p000006,7369.0,print_interruption,0.7012,0.0,,,
fault_onset,fleet-01-p000008,7372.0,power_anomaly,0.3484,904.2856749270334,,,
fault_onset,fleet-01-p000051,7376.0,print_interruption,0.951,0.0,,,
fault_onset,fleet-01-p000000,7377.0,extrusion_blockage,0.6086,672.8588796267228,,,
preheat_timeout,fleet-01-p000035,7379.0,,,,,,
maintenance_start,fleet-01-p000035,7379.0,,,,,,2579.8
fault_onset,fleet-01-p000055,7384.0,sensor_noise,0.4052,1131.1571577394886,,,
fault_onset,fleet-01-p000036,7390.0,print_interruption,0.933,0.0,,,
print_failed,fleet-01-p000036,7390.0,nozzle_heater_failure,,,,,
maintenance_start,fleet-01-p000036,7390.0,,,,,,1751.4
fault_onset,fleet-01-p000010,7395.0,nozzle_heater_failure,0.6638,406.68664150036363,,,
fault_onset,fleet-01-p000022,7404.0,print_interruption,0.7977,0.0,,,
print_failed,fleet-01-p000022,7404.0,abnormal_cooling,,,,,
maintenance_start,fleet-01-p000022,7404.0,,,,,,1260.4
fault_onset,fleet-01-p000058,7431.0,motor_overheating,0.7365,1059.2140345505172,,,
fault_onset,fleet-01-p000015,7431.0,sensor_drift_nozzle,0.8721,1093.0367937782169,,,
fault_onset,fleet-01-p000039,7438.0,extrusion_blockage,0.5432,559.6301754941924,,,
fault_onset,fleet-01-p000017,7446.0,power_anomaly,0.9821,966.820911253746,,,
fault_onset,fleet-01-p000046,7449.0,sensor_noise,0.9211,829.7557071759469,,,
fault_onset,fleet-01-p000016,7474.0,nozzle_heater_failure,0.5469,321.600766717889,,,
fault_onset,fleet-01-p000051,7480.0,power_anomaly,0.9395,1703.0432562042754,,,
fault_onset,fleet-01-p000047,7482.0,extrusion_blockage,0.8379,1004.5139723339722,,,
fault_onset,fleet-01-p000045,7496.0,nozzle_heater_failure,0.9742,1044.977040744016,,,
maintenance_end,fleet-01-p000056,7496.0,,,,,,
fault_onset,fleet-01-p000026,7498.0,power_anomaly,0.3868,787.1986304775248,,,
fault_onset,fleet-01-p000035,7499.0,extrusion_blockage,0.6748,501.849312178876,,,
fault_onset,fleet-01-p000040,7504.0,extrusion_blockage,0.5054,1679.549274944496,,,
fault_onset,fleet-01-p000047,7505.0,print_interruption,0.3284,0.0,,,
fault_onset,fleet-01-p000032,7511.0,bed_heater_failure,0.6518,335.6463362637695,,,
print_complete,fleet-01-p000029,7519.0,,,,105.0,31.093,
fault_onset,fleet-01-p000017,7522.0,sensor_noise,0.9448,1116.9076574442604,,,
fault_onset,fleet-01-p000006,7525.0,sensor_noise,0.5127,1454.9660477617854,,,
fault_onset,fleet-01-p000012,7530.0,power_anomaly,0.6167,1624.310457543274,,,
maintenance_end,fleet-01-p000010,7531.0,,,,,,
fault_onset,fleet-01-p000033,7557.0,nozzle_heater_failure,0.4892,1178.8333751712426,,,
fault_onset,fleet-01-p000031,7563.0,nozzle_thermal_drift,0.6868,1411.2117827464724,,,
fault_onset,fleet-01-p000009,7566.0,abnormal_cooling,0.8479,1501.2766362404113,,,
print_complete,fleet-01-p000051,7576.0,,,,106.0,36.213,
print_start,fleet-01-p000016,7615.0,,,,139.0,,
fault_onset,fleet-01-p000034,7632.0,abnormal_cooling,0.3267,1529.8940107208762,,,
fault_onset,fleet-01-p000030,7641.0,temperature_instability,0.9508,649.614622494354,,,
fault_onset,fleet-01-p000007,7649.0,sensor_drift_nozzle,0.6176,410.7474360904973,,,
fault_onset,fleet-01-p000011,7659.0,nozzle_heater_failure,0.5468,398.4166180466151,,,
fault_onset,fleet-01-p000043,7686.0,sensor_drift_nozzle,0.9349,530.3010085648191,,,
fault_onset,fleet-01-p000055,7700.0,power_anomaly,0.8224,948.185315142579,,,
fault_onset,fleet-01-p000008,7701.0,bed_heater_failure,0.9165,653.0066096019173,,,
fault_onset,fleet-01-p000010,7738.0,sensor_noise,0.9314,677.6545804824584,,,
fault_onset,fleet-01-p000031,7755.0,power_anomaly,0.5207,1788.2953881369667,,,
fault_onset,fleet-01-p000048,7762.0,sensor_noise,0.5076,1153.7950857273902,,,
fault_onset,fleet-01-p000012,7765.0,motor_overheating,0.7731,861.3176674653716,,,
fault_onset,fleet-01-p000050,7767.0,nozzle_heater_failure,0.9392,334.21855376926686,,,
fault_onset,fleet-01-p000003,7770.0,motor_overheating,0.5732,1190.0070809466142,,,
fault_onset,fleet-01-p000038,7773.0,sensor_drift_nozzle,0.6563,901.4305726868419,,,
fault_onset,fleet-01-p000058,7785.0,bed_heater_failure,0.4417,1676.4529896899314,,,
fault_onset,fleet-01-p000050,7791.0,sensor_drift_nozzle,0.8093,1281.0338689455323,,,
fault_onset,fleet-01-p000001,7794.0,temperature_instability,0.4044,1668.942395151672,,,
fault_onset,fleet-01-p000058,7799.0,abnormal_cooling,0.357,1318.3327184617337,,,
maintenance_end,fleet-01-p000041,7802.0,,,,,,
fault_onset,fleet-01-p000020,7816.0,abnormal_cooling,0.3251,960.9850977934852,,,
fault_onset,fleet-01-p000056,7830.0,nozzle_heater_failure,0.5099,835.4790533947527,,,
maintenance_end,fleet-01-p000003,7832.0,,,,,,
fault_onset,fleet-01-p000043,7844.0,nozzle_heater_failure,0.5924,597.7093732708531,,,
print_start,fleet-01-p000010,7851.0,,,,141.0,,
fault_onset,fleet-01-p000033,7874.0,sensor_noise,0.8768,807.1839792182625,,,
fault_onset,fleet-01-p000022,7875.0,motor_overheating,0.5221,607.2986288300045,,,
fault_onset,fleet-01-p000020,7901.0,abnormal_cooling,0.6527,1717.719219950615,,,
fault_onset,fleet-01-p000025,7901.0,bed_heater_failure,0.4726,766.9243039314979,,,
fault_onset,fleet-01-p000001,7907.0,power_anomaly,0.68,1171.5583787666226,,,
fault_onset,fleet-01-p000054,7909.0,print_interruption,0.4681,0.0,,,
fault_onset,fleet-01-p000006,7913.0,motor_overheating,0.5647,322.41940414526545,,,
fault_onset,fleet-01-p000009,7926.0,extrusion_blockage,0.8331,1276.3781551330721,,,
fault_onset,fleet-01-p000018,7961.0,motor_overheating,0.4906,669.636107166348,,,
fault_onset,fleet-01-p000046,7976.0,bed_heater_failure,0.6888,1480.3800341507638,,,
fault_onset,fleet-01-p000026,7988.0,bed_heater_failure,0.9731,901.0955004202656,,,
fault_onset,fleet-01-p000008,7988.0,power_anomaly,0.6203,1325.0981290169318,,,
fault_onset,fleet-01-p000035,7989.0,temperature_instability,0.8773,324.62759120642187,,,
fault_onset,fleet-01-p000052,8006.0,print_interruption,0.348,0.0,,,
maintenance_end,fleet-01-p000013,8037.0,,,,,,
fault_onset,fleet-01-p000025,8043.0,print_interruption,0.3673,0.0,,,
print_failed,fleet-01-p000025,8043.0,sensor_drift_nozzle,,,,,
maintenance_start,fleet-01-p000025,8043.0,,,,,,371.7
fault_onset,fleet-01-p000032,8054.0,temperature_instability,0.6779,834.6367196439778,,,
fault_onset,fleet-01-p000057,8058.0,print_interruption,0.3663,0.0,,,
print_failed,fleet-01-p000057,8058.0,motor_overheating,,,,,
maintenance_start,fleet-01-p000057,8058.0,,,,,,160.3
fault_onset,fleet-01-p000058,8070.0,extrusion_blockage,0.8858,1162.313659027879,,,
print_start,fleet-01-p000056,8085.0,,,,142.0,,
print_start,fleet-01-p000051,8086.0,,,,140.0,,
fault_onset,fleet-01-p000032,8094.0,nozzle_thermal_drift,0.5587,1145.5100769909207,,,
fault_onset,fleet-01-p000050,8097.0,motor_overheating,0.5697,1762.8320082830076,,,
fault_onset,fleet-01-p000051,8100.0,nozzle_thermal_drift,0.3015,1180.9443329416672,,,
fault_onset,fleet-01-p000054,8107.0,nozzle_heater_failure,0.5746,708.9056215190994,,,
fault_onset,fleet-01-p000053,8110.0,motor_overheating,0.3259,1426.8700727661712,,,
fault_onset,fleet-01-p000017,8123.0,nozzle_thermal_drift,0.5907,304.39121758636537,,,
fault_onset,fleet-01-p000032,8124.0,extrusion_blockage,0.6878,1205.5899257969309,,,
fault_onset,fleet-01-p000016,8125.0,sensor_noise,0.9769,932.3253319774385,,,
fault_onset,fleet-01-p000018,8125.0,sensor_noise,0.5893,1373.1775456469068,,,
fault_onset,fleet-01-p000025,8128.0,temperature_instability,0.8417,666.7138988000542,,,
fault_onset,fleet-01-p000046,8128.0,bed_heater_failure,0.6294,979.5890240450987,,,
fault_onset,fleet-01-p000024,8139.0,extrusion_blockage,0.4213,1695.7328323456031,,,
fault_onset,fleet-01-p000034,8142.0,nozzle_heater_failure,0.3396,1645.294601532751,,,
fault_onset,fleet-01-p000041,8146.0,temperature_instability,0.9335,533.8466640122315,,,
fault_onset,fleet-01-p000036,8147.0,extrusion_blockage,0.9122,1230.1217378611964,,,
fault_onset,fleet-01-p000034,8148.0,motor_overheating,0.3831,540.167586288344,,,
fault_onset,fleet-01-p000023,8150.0,sensor_drift_nozzle,0.4331,1360.9812578325013,,,
fault_onset,fleet-01-p000049,8161.0,abnormal_cooling,0.7194,637.1716014483928,,,
fault_onset,fleet-01-p000031,8167.0,sensor_noise,0.3578,1354.1428647678667,,,
fault_onset,fleet-01-p000053,8168.0,print_interruption,0.7454,0.0,,,
print_failed,fleet-01-p000053,8168.0,motor_overheating,,,,,
maintenance_start,fleet-01-p000053,8168.0,,,,,,2923.1
fault_onset,fleet-01-p000050,8187.0,sensor_drift_nozzle,0.8487,422.9943432685597,,,
fault_onset,fleet-01-p000058,8201.0,sensor_noise,0.9842,540.3370166902729,,,
fault_onset,fleet-01-p000030,8209.0,nozzle_thermal_drift,0.662,1785.3927837566964,,,
maintenance_end,fleet-01-p000057,8219.0,,,,,,
fault_onset,fleet-01-p000029,8221.0,nozzle_heater_failure,0.6665,1302.0627178067905,,,
fault_onset,fleet-01-p000051,8224.0,print_interruption,0.6533,0.0,,,
fault_onset,fleet-01-p000007,8240.0,print_interruption,0.8527,0.0,,,
fault_onset,fleet-01-p000019,8270.0,nozzle_thermal_drift,0.3259,1642.9082090701922,,,
fault_onset,fleet-01-p000013,8306.0,bed_heater_failure,0.8428,864.3836474444319,,,
fault_onset,fleet-01-p000032,8342.0,print_interruption,0.7283,0.0,,,
print_failed,fleet-01-p000032,8342.0,extrusion_blockage,,,,,
maintenance_start,fleet-01-p000032,8342.0,,,,,,2970.2
fault_onset,fleet-01-p000059,8343.0,extrusion_blockage,0.5317,841.9041138456957,,,
fault_onset,fleet-01-p000027,8354.0,print_interruption,0.9461,0.0,,,
fault_onset,fleet-01-p000042,8361.0,sensor_drift_nozzle,0.9979,694.4080025078775,,,
fault_onset,fleet-01-p000002,8395.0,sensor_noise,0.3513,567.0852319495054,,,
fault_onset,fleet-01-p000025,8398.0,sensor_noise,0.7504,760.8853797016706,,,
print_start,fleet-01-p000057,8403.0,,,,146.0,,
fault_onset,fleet-01-p000037,8408.0,abnormal_cooling,0.5693,1148.5130633996632,,,
fault_onset,fleet-01-p000048,8415.0,nozzle_thermal_drift,0.5349,1102.7948069436982,,,
maintenance_end,fleet-01-p000025,8415.0,,,,,,
fault_onset,fleet-01-p000044,8421.0,extrusion_blockage,0.8939,1494.5836610707468,,,
fault_onset,fleet-01-p000045,8424.0,sensor_drift_nozzle,0.8372,478.1085058853944,,,
fault_onset,fleet-01-p000037,8431.0,motor_overheating,0.9837,897.7224691139608,,,
fault_onset,fleet-01-p000051,8446.0,abnormal_cooling,0.8425,554.5811180650833,,,
fault_onset,fleet-01-p000031,8452.0,temperature_instability,0.414,468.68822162566437,,,
fault_onset,fleet-01-p000011,8460.0,extrusion_blockage,0.9097,510.09550118041415,,,
print_start,fleet-01-p000003,8473.0,,,,145.0,,
fault_onset,fleet-01-p000025,8478.0,nozzle_thermal_drift,0.4417,1596.7377289508913,,,
fault_onset,fleet-01-p000001,8485.0,nozzle_heater_failure,0.8209,1066.3828918802265,,,
fault_onset,fleet-01-p000056,8496.0,extrusion_blockage,0.8665,1474.9770940108401,,,
fault_onset,fleet-01-p000009,8508.0,motor_overheating,0.3539,1785.1728405481554,,,
fault_onset,fleet-01-p000010,8510.0,print_interruption,0.8303,0.0,,,
fault_onset,fleet-01-p000008,8511.0,sensor_noise,0.7476,1547.809738009933,,,
fault_onset,fleet-01-p000048,8518.0,sensor_drift_nozzle,0.4031,1735.1593574204821,,,
fault_onset,fleet-01-p000019,8540.0,bed_heater_failure,0.6224,851.4656178269955,,,
maintenance_end,fleet-01-p000018,8550.0,,,,,,
fault_onset,fleet-01-p000008,8551.0,sensor_noise,0.5975,1156.9951643698046,,,
fault_onset,fleet-01-p000012,8562.0,temperature_instability,0.4307,969.7794403835827,,,
fault_onset,fleet-01-p000027,8580.0,sensor_drift_nozzle,0.3634,458.86877600718367,,,
fault_onset,fleet-01-p000058,8582.0,nozzle_thermal_drift,0.6947,1535.9010182830855,,,
fault_onset,fleet-01-p000029,8593.0,abnormal_cooling,0.5071,1261.3206585034688,,,
fault_onset,fleet-01-p000025,8598.0,nozzle_heater_failure,0.5067,1281.1133259816618,,,
fault_onset,fleet-01-p000042,8603.0,extrusion_blockage,0.5516,408.1544962668804,,,
fault_onset,fleet-01-p000038,8612.0,sensor_noise,0.8236,674.368856719932,,,
fault_onset,fleet-01-p000030,8620.0,nozzle_heater_failure,0.8677,800.393967757711,,,
fault_onset,fleet-01-p000023,8621.0,sensor_noise,0.5011,761.9537608571046,,,
fault_onset,fleet-01-p000050,8626.0,abnormal_cooling,0.7853,462.9428823336481,,,
fault_onset,fleet-01-p000024,8635.0,nozzle_heater_failure,0.5494,442.64522004918194,,,
fault_onset,fleet-01-p000032,8638.0,bed_heater_failure,0.5887,338.55920554492076,,,
fault_onset,fleet-01-p000017,8644.0,abnormal_cooling,0.8336,1685.220552615891,,,
maintenance_end,fleet-01-p000022,8665.0,,,,,,
fault_onset,fleet-01-p000035,8682.0,power_anomaly,0.8869,1588.9315866974734,,,
fault_onset,fleet-01-p000026,8693.0,abnormal_cooling,0.6889,1510.6463360576051,,,
fault_onset,fleet-01-p000024,8700.0,power_anomaly,0.986,1729.5853030666508,,,
fault_onset,fleet-01-p000042,8711.0,nozzle_thermal_drift,0.9003,767.3030244502186,,,
fault_onset,fleet-01-p000011,8716.0,bed_heater_failure,0.9719,883.6238675657889,,,
fault_onset,fleet-01-p000044,8724.0,extrusion_blockage,0.8423,1706.848636201091,,,
fault_onset,fleet-01-p000038,8726.0,abnormal_cooling,0.8083,823.5690464891791,,,
fault_onset,fleet-01-p000052,8736.0,bed_heater_failure,0.8142,772.3495176870712,,,
fault_onset,fleet-01-p000059,8737.0,power_anomaly,0.6957,559.982368885453,,,
fault_onset,fleet-01-p000018,8744.0,power_anomaly,0.8062,1516.168959954897,,,
fault_onset,fleet-01-p000002,8764.0,bed_heater_failure,0.6817,1069.2153850492418,,,
maintenance_end,fleet-01-p000002,8773.0,,,,,,
fault_onset,fleet-01-p000007,8775.0,motor_overheating,0.7267,863.4839364530487,,,
fault_onset,fleet-01-p000031,8777.0,abnormal_cooling,0.9898,417.99480341264706,,,
fault_onset,fleet-01-p000049,8779.0,sensor_noise,0.4861,1049.2090660879437,,,
fault_onset,fleet-01-p000046,8795.0,nozzle_thermal_drift,0.3382,1060.0305171718512,,,
fault_onset,fleet-01-p000019,8801.0,temperature_instability,0.9331,327.3620007373387,,,
fault_onset,fleet-01-p000056,8805.0,motor_overheating,0.4081,1222.4071685326094,,,
fault_onset,fleet-01-p000051,8805.0,bed_heater_failure,0.5365,1561.6080577938749,,,
fault_onset,fleet-01-p000028,8831.0,nozzle_heater_failure,0.9211,803.3748399221417,,,
fault_onset,fleet-01-p000032,8839.0,motor_overheating,0.9848,854.7064290131538,,,
print_start,fleet-01-p000025,8840.0,,,,147.0,,
maintenance_end,fleet-01-p000038,8850.0,,,,,,
fault_onset,fleet-01-p000051,8853.0,temperature_instability,0.6442,572.8677363802046,,,
fault_onset,fleet-01-p000002,8868.0,temperature_instability,0.8116,556.9347671721969,,,
fault_onset,fleet-01-p000004,8892.0,nozzle_thermal_drift,0.9696,1117.6275081282638,,,
fault_onset,fleet-01-p000055,8898.0,extrusion_blockage,0.7312,1706.53917958433,,,
fault_onset,fleet-01-p000000,8901.0,temperature_instability,0.5575,1322.2609328855003,,,
fault_onset,fleet-01-p000001,8909.0,abnormal_cooling,0.4849,783.7303029093941,,,
print_start,fleet-01-p000041,8915.0,,,,148.0,,
fault_onset,fleet-01-p000032,8933.0,abnormal_cooling,0.8084,814.1698657791226,,,
print_complete,fleet-01-p000021,8943.0,,,,123.0,31.953,
fault_onset,fleet-01-p000020,8948.0,abnormal_cooling,0.9328,1691.6127416160957,,,
fault_onset,fleet-01-p000021,8960.0,nozzle_thermal_drift,0.5632,1691.7414353888719,,,
print_start,fleet-01-p000022,8960.0,,,,149.0,,
fault_onset,fleet-01-p000040,8965.0,extrusion_blockage,0.9764,824.4788689912342,,,
fault_onset,fleet-01-p000010,8974.0,sensor_noise,0.6531,781.7920441359598,,,
fault_onset,fleet-01-p000001,8981.0,bed_heater_failure,0.809,521.074699917069,,,
fault_onset,fleet-01-p000019,8984.0,bed_heater_failure,0.7835,915.1198779090743,,,
fault_onset,fleet-01-p000043,9000.0,temperature_instability,0.4109,1369.3663932069385,,,
fault_onset,fleet-01-p000042,9004.0,sensor_noise,0.8078,1388.5357205313005,,,
fault_onset,fleet-01-p000026,9013.0,print_interruption,0.8395,0.0,,,
print_failed,fleet-01-p000026,9013.0,abnormal_cooling,,,,,
maintenance_start,fleet-01-p000026,9013.0,,,,,,656.6
fault_onset,fleet-01-p000007,9015.0,sensor_drift_nozzle,0.723,1596.7732131871073,,,
fault_onset,fleet-01-p000037,9026.0,extrusion_blockage,0.9358,806.1210968278803,,,
fault_onset,fleet-01-p000047,9033.0,abnormal_cooling,0.9598,560.7284211174829,,,
fault_onset,fleet-01-p000039,9041.0,sensor_noise,0.4955,1034.1332044698,,,
fault_onset,fleet-01-p000018,9057.0,nozzle_heater_failure,0.5606,1143.7704267191598,,,
print_start,fleet-01-p000021,9058.0,,,,152.0,,
fault_onset,fleet-01-p000050,9073.0,bed_heater_failure,0.6798,1146.4072697277354,,,
preheat_timeout,fleet-01-p000013,9082.0,,,,,,
maintenance_start,fleet-01-p000013,9082.0,,,,,,1953.4
preheat_timeout,fleet-01-p000029,9091.0,,,,,,
maintenance_start,fleet-01-p000029,9091.0,,,,,,522.6
fault_onset,fleet-01-p000049,9097.0,extrusion_blockage,0.9717,414.0936270009639,,,
fault_onset,fleet-01-p000031,9102.0,sensor_drift_nozzle,0.9287,1680.7860193012077,,,
fault_onset,fleet-01-p000050,9124.0,bed_heater_failure,0.6304,1398.7983514169794,,,
maintenance_end,fleet-01-p000036,9142.0,,,,,,
fault_onset,fleet-01-p000016,9168.0,power_anomaly,0.4192,1720.8277064898987,,,
print_start,fleet-01-p000018,9199.0,,,,150.0,,
fault_onset,fleet-01-p000009,9201.0,temperature_instability,0.7044,1243.0192008355493,,,
fault_onset,fleet-01-p000023,9213.0,bed_heater_failure,0.4609,1186.7930620461711,,,
fault_onset,fleet-01-p000010,9221.0,abnormal_cooling,0.5099,1183.4671319902127,,,
fault_onset,fleet-01-p000014,9234.0,temperature_instability,0.944,1546.9593675268636,,,
fault_onset,fleet-01-p000043,9242.0,motor_overheating,0.6779,1576.3359176784925,,,
fault_onset,fleet-01-p000055,9249.0,sensor_noise,0.8057,1667.195794176908,,,
fault_onset,fleet-01-p000000,9265.0,sensor_drift_nozzle,0.9382,952.1813065827857,,,
fault_onset,fleet-01-p000010,9268.0,nozzle_thermal_drift,0.9502,1215.9079960453753,,,
fault_onset,fleet-01-p000014,9269.0,nozzle_thermal_drift,0.5102,1299.4743547307185,,,
fault_onset,fleet-01-p000056,9281.0,extrusion_blockage,0.8563,788.9856543362522,,,
fault_onset,fleet-01-p000017,9290.0,temperature_instability,0.6168,1118.945514328318,,,
fault_onset,fleet-01-p000039,9297.0,motor_overheating,0.4362,581.5366028087276,,,
fault_onset,fleet-01-p000019,9298.0,temperature_instability,0.4489,1517.5149618492612,,,
maintenance_end,fleet-01-p000008,9300.0,,,,,,
fault_onset,fleet-01-p000046,9301.0,sensor_drift_nozzle,0.3862,598.7851200196549,,,
fault_onset,fleet-01-p000021,9309.0,sensor_noise,0.4034,1552.5151350355543,,,
maintenance_end,fleet-01-p000048,9336.0,,,,,,
fault_onset,fleet-01-p000007,9348.0,extrusion_blockage,0.766,301.27808382504037,,,
fault_onset,fleet-01-p000055,9355.0,nozzle_thermal_drift,0.6112,1183.8060866478977,,,
fault_onset,fleet-01-p000035,9355.0,extrusion_blockage,0.8321,1306.2433185441744,,,
fault_onset,fleet-01-p000042,9370.0,nozzle_heater_failure,0.9134,509.6601214536091,,,
fault_onset,fleet-01-p000009,9371.0,temperature_instability,0.8633,1471.20867027836,,,
fault_onset,fleet-01-p000043,9397.0,bed_heater_failure,0.7479,1142.7611347872237,,,
fault_onset,fleet-01-p000018,9432.0,motor_overheating,0.4332,852.4612491809222,,,
fault_onset,fleet-01-p000042,9435.0,print_interruption,0.6632,0.0,,,
fault_onset,fleet-01-p000020,9440.0,print_interruption,0.9017,0.0,,,
print_failed,fleet-01-p000020,9440.0,abnormal_cooling,,,,,
maintenance_start,fleet-01-p000020,9440.0,,,,,,219.4
fault_onset,fleet-01-p000029,9474.0,power_anomaly,0.4364,756.2777348380937,,,
fault_onset,fleet-01-p000058,9504.0,motor_overheating,0.9799,1226.090883769827,,,
fault_onset,fleet-01-p000042,9508.0,sensor_drift_nozzle,0.8986,1023.3256169745198,,,
fault_onset,fleet-01-p000048,9517.0,motor_overheating,0.7315,1020.3543778930876,,,
fault_onset,fleet-01-p000057,9524.0,extrusion_blockage,0.3711,384.36053664337766,,,
print_start,fleet-01-p000008,9525.0,,,,154.0,,
fault_onset,fleet-01-p000023,9533.0,sensor_drift_nozzle,0.9957,1265.4456999515119,,,
fault_onset,fleet-01-p000021,9539.0,temperature_instability,0.7916,711.6440922869701,,,
fault_onset,fleet-01-p000008,9540.0,motor_overheating,0.4108,1332.206957691739,,,
print_start,fleet-01-p000036,9547.0,,,,155.0,,
print_start,fleet-01-p000038,9577.0,,,,153.0,,
fault_onset,fleet-01-p000049,9593.0,sensor_drift_nozzle,0.8129,1181.25863394763,,,
fault_onset,fleet-01-p000059,9595.0,bed_heater_failure,0.8664,1607.6831404078964,,,
fault_onset,fleet-01-p000019,9605.0,temperature_instability,0.9261,622.2467089005975,,,
fault_onset,fleet-01-p000006,9611.0,abnormal_cooling,0.7218,311.29792345913967,,,
maintenance_end,fleet-01-p000029,9614.0,,,,,,
fault_onset,fleet-01-p000011,9621.0,abnormal_cooling,0.492,1052.6431594766855,,,
fault_onset,fleet-01-p000057,9656.0,abnormal_cooling,0.3413,1135.721088528957,,,
fault_onset,fleet-01-p000015,9656.0,abnormal_cooling,0.6095,947.9019033843052,,,
maintenance_end,fleet-01-p000020,9660.0,,,,,,
fault_onset,fleet-01-p000007,9662.0,print_interruption,0.3972,0.0,,,
maintenance_end,fleet-01-p000026,9670.0,,,,,,
fault_onset,fleet-01-p000012,9680.0,nozzle_thermal_drift,0.3037,495.21463349081193,,,
fault_onset,fleet-01-p000014,9682.0,power_anomaly,0.5376,1734.8980166891763,,,
fault_onset,fleet-01-p000025,9707.0,temperature_instability,0.8942,1140.9282294670227,,,
print_start,fleet-01-p000048,9710.0,,,,156.0,,
fault_onset,fleet-01-p000053,9715.0,print_interruption,0.3128,0.0,,,
fault_onset,fleet-01-p000056,9716.0,print_interruption,0.9398,0.0,,,
maintenance_end,fleet-01-p000007,9721.0,,,,,,
fault_onset,fleet-01-p000029,9732.0,temperature_instability,0.6045,1117.6558060781988,,,
fault_onset,fleet-01-p000035,9736.0,sensor_drift_nozzle,0.6621,707.6768739220051,,,
fault_onset,fleet-01-p000030,9739.0,sensor_drift_nozzle,0.3728,1624.2437084935816,,,
fault_onset,fleet-01-p000052,9748.0,motor_overheating,0.9819,395.73247877315674,,,
fault_onset,fleet-01-p000027,9752.0,print_interruption,0.8499,0.0,,,
fault_onset,fleet-01-p000018,9766.0,power_anomaly,0.8563,620.6485596598671,,,
fault_onset,fleet-01-p000047,9771.0,power_anomaly,0.5348,531.0215109784184,,,
fault_onset,fleet-01-p000022,9780.0,sensor_drift_nozzle,0.5484,1531.919527547832,,,
fault_onset,fleet-01-p000007,9781.0,abnormal_cooling,0.905,1027.2592041536318,,,
fault_onset,fleet-01-p000018,9784.0,nozzle_thermal_drift,0.3737,1158.1762853963455,,,
fault_onset,fleet-01-p000022,9786.0,nozzle_heater_failure,0.3766,746.3238445738547,,,
fault_onset,fleet-01-p000033,9793.0,sensor_noise,0.8465,1163.75003075085,,,
fault_onset,fleet-01-p000036,9806.0,power_anomaly,0.5008,1285.0834097683382,,,
fault_onset,fleet-01-p000053,9810.0,print_interruption,0.8492,0.0,,,
fault_onset,fleet-01-p000009,9810.0,nozzle_thermal_drift,0.6182,629.4039045509256,,,
fault_onset,fleet-01-p000023,9845.0,nozzle_heater_failure,0.6274,1563.3527919231797,,,
fault_onset,fleet-01-p000022,9856.0,extrusion_blockage,0.3354,432.7995546281824,,,
fault_onset,fleet-01-p000036,9863.0,abnormal_cooling,0.6638,1453.5620911181422,,,
print_complete,fleet-01-p000004,9868.0,,,,4.0,103.769,
fault_onset,fleet-01-p000034,9869.0,sensor_drift_nozzle,0.904,1196.3590368445184,,,
fault_onset,fleet-01-p000039,9869.0,nozzle_heater_failure,0.7188,313.1335745775822,,,
fault_onset,fleet-01-p000024,9878.0,motor_overheating,0.6655,1035.1687463567628,,,
fault_onset,fleet-01-p000027,9885.0,nozzle_thermal_drift,0.8456,1260.4115679136867,,,
preheat_timeout,fleet-01-p000002,9886.0,,,,,,
maintenance_start,fleet-01-p000002,9886.0,,,,,,262.7
fault_onset,fleet-01-p000040,9895.0,motor_overheating,0.7913,1520.9039585661203,,,
fault_onset,fleet-01-p000010,9904.0,sensor_drift_nozzle,0.5026,1112.0826276067664,,,
fault_onset,fleet-01-p000003,9910.0,bed_heater_failure,0.7906,990.8843900918346,,,
fault_onset,fleet-01-p000029,9914.0,sensor_noise,0.5614,395.73615291257624,,,
fault_onset,fleet-01-p000036,9916.0,print_interruption,0.4578,0.0,,,
fault_onset,fleet-01-p000056,9916.0,motor_overheating,0.7028,1387.327592219706,,,
fault_onset,fleet-01-p000058,9921.0,nozzle_heater_failure,0.587,737.7594825461558,,,
fault_onset,fleet-01-p000022,9921.0,sensor_drift_nozzle,0.9689,1742.25695922315,,,
print_start,fleet-01-p000029,9925.0,,,,158.0,,
fault_onset,fleet-01-p000005,9931.0,nozzle_thermal_drift,0.6967,1638.25987196878,,,
fault_onset,fleet-01-p000000,9932.0,nozzle_thermal_drift,0.8948,771.5787711160028,,,
fault_onset,fleet-01-p000025,9932.0,extrusion_blockage,0.3852,1707.2275576360912,,,
print_complete,fleet-01-p000030,9936.0,,,,132.0,31.953,
fault_onset,fleet-01-p000045,9947.0,sensor_noise,0.5891,1179.4962618815773,,,
maintenance_end,fleet-01-p000035,9959.0,,,,,,
fault_onset,fleet-01-p000053,9962.0,print_interruption,0.676,0.0,,,
fault_onset,fleet-01-p000041,9993.0,motor_overheating,0.5774,835.5204586478005,,,
fault_onset,fleet-01-p000047,9995.0,print_interruption,0.8565,0.0,,,
fault_onset,fleet-01-p000033,9996.0,print_interruption,0.6513,0.0,,,
print_failed,fleet-01-p000033,9996.0,sensor_noise,,,,,
maintenance_start,fleet-01-p000033,9996.0,,,,,,857.0
fault_onset,fleet-01-p000040,10040.0,sensor_noise,0.7565,769.1139660034265,,,
fault_onset,fleet-01-p000022,10047.0,nozzle_thermal_drift,0.8965,996.5495614008247,,,
fault_onset,fleet-01-p000032,10053.0,print_interruption,0.5107,0.0,,,
print_start,fleet-01-p000030,10056.0,,,,161.0,,
fault_onset,fleet-01-p000034,10072.0,nozzle_heater_failure,0.8729,1743.5644602510529,,,
fault_onset,fleet-01-p000026,10074.0,bed_heater_failure,0.9653,528.211615435662,,,
fault_onset,fleet-01-p000019,10077.0,temperature_instability,0.4834,719.0181989683148,,,
fault_onset,fleet-01-p000002,10083.0,abnormal_cooling,0.4547,322.2671720126542,,,
fault_onset,fleet-01-p000058,10100.0,sensor_noise,0.799,376.96359051990066,,,
fault_onset,fleet-01-p000013,10116.0,sensor_drift_nozzle,0.8577,1573.3871672140608,,,
fault_onset,fleet-01-p000011,10119.0,abnormal_cooling,0.42,1695.6953106952917,,,
fault_onset,fleet-01-p000039,10123.0,sensor_drift_nozzle,0.5998,990.1150021401202,,,
fault_onset,fleet-01-p000001,10134.0,sensor_drift_nozzle,0.3714,892.2827162437903,,,
print_start,fleet-01-p000004,10146.0,,,,162.0,,
fault_onset,fleet-01-p000045,10147.0,extrusion_blockage,0.93,935.7498552088672,,,
maintenance_end,fleet-01-p000002,10149.0,,,,,,
fault_onset,fleet-01-p000024,10154.0,power_anomaly,0.6814,509.3018636837038,,,
fault_onset,fleet-01-p000057,10154.0,sensor_noise,0.3406,1383.0460812558026,,,
fault_onset,fleet-01-p000022,10162.0,sensor_drift_nozzle,0.5358,1068.796864800257,,,
fault_onset,fleet-01-p000058,10168.0,print_interruption,0.3005,0.0,,,
fault_onset,fleet-01-p000047,10177.0,motor_overheating,0.9486,804.4448160868424,,,
fault_onset,fleet-01-p000053,10195.0,motor_overheating,0.7172,1049.3569102498923,,,
fault_onset,fleet-01-p000020,10197.0,temperature_instability,0.8847,1532.4680994132602,,,
fault_onset,fleet-01-p000041,10206.0,power_anomaly,0.6737,1485.3150366702675,,,
fault_onset,fleet-01-p000045,10211.0,motor_overheating,0.8431,960.1504818893285,,,
fault_onset,fleet-01-p000030,10215.0,print_interruption,0.7785,0.0,,,
fault_onset,fleet-01-p000018,10216.0,sensor_drift_nozzle,0.5545,778.9376491290211,,,
fault_onset,fleet-01-p000031,10224.0,nozzle_heater_failure,0.4257,1202.4930022680935,,,
print_complete,fleet-01-p000058,10233.0,,,,94.0,48.475,
fault_onset,fleet-01-p000027,10240.0,extrusion_blockage,0.3464,988.159905550323,,,
fault_onset,fleet-01-p000055,10244.0,sensor_drift_nozzle,0.6382,1368.6647909120081,,,
fault_onset,fleet-01-p000051,10253.0,power_anomaly,0.5838,591.1820807446574,,,
fault_onset,fleet-01-p000008,10257.0,print_interruption,0.323,0.0,,,
fault_onset,fleet-01-p000043,10260.0,print_interruption,0.4134,0.0,,,
fault_onset,fleet-01-p000002,10280.0,sensor_drift_nozzle,0.9418,1740.0804185983382,,,
fault_onset,fleet-01-p000058,10286.0,nozzle_heater_failure,0.5473,308.73859849629804,,,
fault_onset,fleet-01-p000025,10289.0,sensor_drift_nozzle,0.9409,1626.7664493048342,,,
fault_onset,fleet-01-p000019,10290.0,sensor_drift_nozzle,0.5315,1215.6989573637397,,,
fault_onset,fleet-01-p000001,10293.0,nozzle_heater_failure,0.3277,481.4318612377949,,,
fault_onset,fleet-01-p000027,10297.0,sensor_drift_nozzle,0.3234,1196.7159003700647,,,
fault_onset,fleet-01-p000049,10300.0,extrusion_blockage,0.8388,475.7083010918452,,,
fault_onset,fleet-01-p000020,10302.0,print_interruption,0.3488,0.0,,,
fault_onset,fleet-01-p000049,10302.0,abnormal_cooling,0.5219,1647.7740599291296,,,
fault_onset,fleet-01-p000054,10313.0,print_interruption,0.8149,0.0,,,
fault_onset,fleet-01-p000042,10349.0,power_anomaly,0.3088,700.7759834964135,,,
fault_onset,fleet-01-p000017,10352.0,extrusion_blockage,0.7106,1234.1147792511506,,,
fault_onset,fleet-01-p000018,10359.0,motor_overheating,0.7697,1738.2028411636418,,,
fault_onset,fleet-01-p000036,10366.0,sensor_drift_nozzle,0.6853,946.9630425195464,,,
fault_onset,fleet-01-p000049,10374.0,power_anomaly,0.3281,1446.9484986886368,,,
fault_onset,fleet-01-p000037,10380.0,nozzle_heater_failure,0.3056,845.149162644962,,,
fault_onset,fleet-01-p000026,10394.0,nozzle_thermal_drift,0.6302,659.0102426213475,,,
fault_onset,fleet-01-p000000,10407.0,motor_overheating,0.4642,1767.00372174561,,,
fault_onset,fleet-01-p000036,10408.0,abnormal_cooling,0.6351,445.04568254290984,,,
fault_onset,fleet-01-p000053,10419.0,motor_overheating,0.4985,805.8993986581045,,,
fault_onset,fleet-01-p000006,10421.0,temperature_instability,0.7039,515.0334190048598,,,
fault_onset,fleet-01-p000007,10421.0,nozzle_thermal_drift,0.8423,1685.249856480542,,,
fault_onset,fleet-01-p000039,10424.0,print_interruption,0.4661,0.0,,,
fault_onset,fleet-01-p000055,10431.0,nozzle_heater_failure,0.5614,1712.1560056096032,,,
print_start,fleet-01-p000035,10472.0,,,,163.0,,
fault_onset,fleet-01-p000002,10495.0,sensor_drift_nozzle,0.7091,1426.9413806829739,,,
fault_onset,fleet-01-p000053,10497.0,nozzle_heater_failure,0.8271,1496.5634606344124,,,
fault_onset,fleet-01-p000014,10499.0,bed_heater_failure,0.3581,1015.8491457670503,,,
fault_onset,fleet-01-p000021,10569.0,sensor_noise,0.8117,808.6680404851295,,,
fault_onset,fleet-01-p000021,10582.0,nozzle_thermal_drift,0.4765,838.7119253948426,,,
fault_onset,fleet-01-p000033,10584.0,print_interruption,0.3689,0.0,,,
fault_onset,fleet-01-p000039,10585.0,bed_heater_failure,0.7615,674.0203947545687,,,
fault_onset,fleet-01-p000003,10601.0,sensor_drift_nozzle,0.4748,1654.376500721234,,,
fault_onset,fleet-01-p000011,10607.0,nozzle_heater_failure,0.7998,1754.8854753271532,,,
preheat_timeout,fleet-01-p000026,10627.0,,,,,,
maintenance_start,fleet-01-p000026,10627.0,,,,,,633.4
fault_onset,fleet-01-p000042,10632.0,print_interruption,0.3761,0.0,,,
fault_onset,fleet-01-p000031,10635.0,sensor_drift_nozzle,0.946,1614.1892423478232,,,
fault_onset,fleet-01-p000023,10647.0,temperature_instability,0.7173,1315.3799944206467,,,
fault_onset,fleet-01-p000029,10655.0,abnormal_cooling,0.3144,1170.4531004177384,,,
print_start,fleet-01-p000058,10662.0,,,,164.0,,
fault_onset,fleet-01-p000007,10666.0,motor_overheating,0.4591,1059.758225928761,,,
fault_onset,fleet-01-p000046,10668.0,print_interruption,0.599,0.0,,,
print_failed,fleet-01-p000046,10668.0,print_interruption,,,,,
maintenance_start,fleet-01-p000046,10668.0,,,,,,1098.2
print_start,fleet-01-p000020,10670.0,,,,160.0,,
fault_onset,fleet-01-p000015,10674.0,nozzle_heater_failure,0.3638,1233.21891261445,,,
fault_onset,fleet-01-p000053,10681.0,print_interruption,0.6703,0.0,,,
fault_onset,fleet-01-p000021,10682.0,sensor_noise,0.5562,948.4280586037975,,,
print_start,fleet-01-p000002,10682.0,,,,165.0,,
fault_onset,fleet-01-p000027,10688.0,temperature_instability,0.8672,1291.5550794370633,,,
fault_onset,fleet-01-p000043,10689.0,power_anomaly,0.7977,1551.4405909771167,,,
fault_onset,fleet-01-p000017,10701.0,print_interruption,0.5259,0.0,,,
print_failed,fleet-01-p000017,10701.0,extrusion_blockage,,,,,
maintenance_start,fleet-01-p000017,10701.0,,,,,,3383.3
fault_onset,fleet-01-p000033,10702.0,motor_overheating,0.7855,1346.7082760039377,,,
fault_onset,fleet-01-p000009,10706.0,power_anomaly,0.7642,961.2421937482156,,,
fault_onset,fleet-01-p000029,10716.0,bed_heater_failure,0.6335,890.1412439733958,,,
fault_onset,fleet-01-p000033,10728.0,nozzle_thermal_drift,0.3167,1735.2509434741933,,,
preheat_timeout,fleet-01-p000007,10733.0,,,,,,
maintenance_start,fleet-01-p000007,10733.0,,,,,,3972.3
fault_onset,fleet-01-p000029,10741.0,abnormal_cooling,0.6051,701.8393959419266,,,
fault_onset,fleet-01-p000012,10741.0,sensor_drift_nozzle,0.4149,780.7010411283542,,,
fault_onset,fleet-01-p000025,10748.0,print_interruption,0.4249,0.0,,,
fault_onset,fleet-01-p000031,10748.0,temperature_instability,0.9523,388.2981992818585,,,
fault_onset,fleet-01-p000032,10758.0,nozzle_heater_failure,0.6119,1364.5272539869886,,,
fault_onset,fleet-01-p000055,10771.0,nozzle_thermal_drift,0.8756,1247.4680959781206,,,
fault_onset,fleet-01-p000015,10772.0,extrusion_blockage,0.8056,1360.6935718485886,,,
fault_onset,fleet-01-p000058,10777.0,nozzle_thermal_drift,0.4786,1005.8334837014751,,,
fault_onset,fleet-01-p000030,10779.0,motor_overheating,0.6782,1205.7852355940856,,,
fault_onset,fleet-01-p000020,10794.0,nozzle_heater_failure,0.3321,1185.7267371423193,,,
fault_onset,fleet-01-p000027,10822.0,extrusion_blockage,0.6608,592.8742874239562,,,
fault_onset,fleet-01-p000044,10842.0,bed_heater_failure,0.9205,571.6792868757523,,,
fault_onset,fleet-01-p000021,10849.0,temperature_instability,0.6489,775.0383948974692,,,
fault_onset,fleet-01-p000041,10851.0,motor_overheating,0.8995,306.3746772328613,,,
maintenance_end,fleet-01-p000033,10853.0,,,,,,
fault_onset,fleet-01-p000029,10858.0,print_interruption,0.8343,0.0,,,
fault_onset,fleet-01-p000036,10860.0,sensor_drift_nozzle,0.3362,1620.2703381785866,,,
fault_onset,fleet-01-p000047,10863.0,bed_heater_failure,0.3612,307.56388116096866,,,
fault_onset,fleet-01-p000021,10866.0,abnormal_cooling,0.8074,870.5564973196937,,,
fault_onset,fleet-01-p000051,10870.0,sensor_noise,0.8058,1270.2911918335867,,,
fault_onset,fleet-01-p000001,10873.0,bed_heater_failure,0.3538,398.73112210583776,,,
fault_onset,fleet-01-p000055,10933.0,sensor_noise,0.7562,739.1388700358007,,,
fault_onset,fleet-01-p000032,10952.0,nozzle_heater_failure,0.9863,618.7773090725253,,,
fault_onset,fleet-01-p000040,10969.0,motor_overheating,0.4551,601.0473467535375,,,
print_complete,fleet-01-p000045,10991.0,,,,97.0,35.805,
fault_onset,fleet-01-p000057,11005.0,motor_overheating,0.7319,1225.619061012417,,,
fault_onset,fleet-01-p000013,11029.0,bed_heater_failure,0.5488,1681.1429677246401,,,
fault_onset,fleet-01-p000016,11035.0,motor_overheating,0.3426,1671.5326796517002,,,
maintenance_end,fleet-01-p000013,11036.0,,,,,,
fault_onset,fleet-01-p000055,11039.0,power_anomaly,0.8997,439.88943201182167,,,
fault_onset,fleet-01-p000049,11073.0,motor_overheating,0.9886,376.2587413725091,,,
fault_onset,fleet-01-p000046,11074.0,nozzle_heater_failure,0.3749,860.3470413753288,,,
maintenance_end,fleet-01-p000053,11092.0,,,,,,
fault_onset,fleet-01-p000008,11096.0,sensor_drift_nozzle,0.456,1576.5984254210211,,,
fault_onset,fleet-01-p000046,11103.0,temperature_instability,0.662,847.3964972373504,,,
fault_onset,fleet-01-p000059,11118.0,temperature_instability,0.7969,610.7704736833127,,,
print_complete,fleet-01-p000027,11123.0,,,,119.0,48.065,
fault_onset,fleet-01-p000045,11127.0,nozzle_thermal_drift,0.5394,1471.3161508641524,,,
fault_onset,fleet-01-p000027,11151.0,nozzle_heater_failure,0.4964,745.9531229381915,,,
fault_onset,fleet-01-p000041,11160.0,temperature_instability,0.5747,1067.895493807504,,,
fault_onset,fleet-01-p000007,11170.0,motor_overheating,0.8403,1723.8755653461835,,,
fault_onset,fleet-01-p000019,11175.0,print_interruption,0.7396,0.0,,,
fault_onset,fleet-01-p000043,11178.0,sensor_drift_nozzle,0.4032,359.5114019956354,,,
fault_onset,fleet-01-p000005,11201.0,bed_heater_failure,0.934,1436.1153927251557,,,
fault_onset,fleet-01-p000014,11207.0,abnormal_cooling,0.3669,369.0899119065899,,,
fault_onset,fleet-01-p000017,11227.0,sensor_noise,0.6367,1506.9876382860239,,,
fault_onset,fleet-01-p000036,11227.0,print_interruption,0.5194,0.0,,,
print_complete,fleet-01-p000025,11230.0,,,,147.0,20.874,
fault_onset,fleet-01-p000030,11239.0,sensor_drift_nozzle,0.5064,371.5382979003633,,,
fault_onset,fleet-01-p000052,11240.0,extrusion_blockage,0.4762,735.2861233491622,,,
maintenance_end,fleet-01-p000026,11261.0,,,,,,
fault_onset,fleet-01-p000004,11263.0,temperature_instability,0.6368,1174.2899213322435,,,
fault_onset,fleet-01-p000014,11265.0,power_anomaly,0.4498,430.4369261285613,,,
fault_onset,fleet-01-p000042,11289.0,extrusion_blockage,0.9257,564.704524864134,,,
fault_onset,fleet-01-p000044,11293.0,extrusion_blockage,0.5047,468.553483659909,,,
fault_onset,fleet-01-p000026,11294.0,nozzle_thermal_drift,0.7974,1732.243812491443,,,
fault_onset,fleet-01-p000002,11296.0,print_interruption,0.7006,0.0,,,
print_start,fleet-01-p000045,11300.0,,,,169.0,,
maintenance_end,fleet-01-p000032,11313.0,,,,,,
fault_onset,fleet-01-p000040,11331.0,nozzle_heater_failure,0.5413,878.458455725451,,,
fault_onset,fleet-01-p000042,11345.0,sensor_noise,0.4158,1418.9361501358471,,,
fault_onset,fleet-01-p000013,11350.0,nozzle_thermal_drift,0.6371,1718.132881184361,,,
fault_onset,fleet-01-p000041,11355.0,power_anomaly,0.5442,1500.5165563865153,,,
print_start,fleet-01-p000027,11356.0,,,,167.0,,
fault_onset,fleet-01-p000042,11384.0,nozzle_thermal_drift,0.7489,781.5396402709243,,,
print_start,fleet-01-p000033,11395.0,,,,168.0,,
fault_onset,fleet-01-p000030,11397.0,print_interruption,0.5807,0.0,,,
fault_onset,fleet-01-p000057,11398.0,extrusion_blockage,0.6993,853.7742615379168,,,
fault_onset,fleet-01-p000027,11405.0,sensor_drift_nozzle,0.43,600.3777947028352,,,
fault_onset,fleet-01-p000006,11427.0,bed_heater_failure,0.6578,1216.8132831891294,,,
fault_onset,fleet-01-p000002,11465.0,sensor_drift_nozzle,0.7788,1653.265874165308,,,
fault_onset,fleet-01-p000011,11477.0,sensor_drift_nozzle,0.6707,1602.8610937414714,,,
fault_onset,fleet-01-p000031,11501.0,temperature_instability,0.7135,1603.5560412885227,,,
fault_onset,fleet-01-p000058,11515.0,temperature_instability,0.7331,1186.2475075785503,,,
fault_onset,fleet-01-p000004,11520.0,print_interruption,0.8005,0.0,,,
print_failed,fleet-01-p000004,11520.0,temperature_instability,,,,,
maintenance_start,fleet-01-p000004,11520.0,,,,,,1137.5
fault_onset,fleet-01-p000037,11531.0,sensor_drift_nozzle,0.3482,1642.737612955449,,,
fault_onset,fleet-01-p000003,11539.0,sensor_noise,0.6492,1784.2167605744228,,,
fault_onset,fleet-01-p000012,11545.0,power_anomaly,0.4921,1570.2479509938069,,,
fault_onset,fleet-01-p000014,11546.0,sensor_drift_nozzle,0.612,1512.0831029355081,,,
fault_onset,fleet-01-p000056,11558.0,sensor_drift_nozzle,0.5898,1288.6149148803536,,,
fault_onset,fleet-01-p000002,11562.0,temperature_instability,0.8489,633.2823369225233,,,
fault_onset,fleet-01-p000033,11564.0,temperature_instability,0.5794,860.3593670358135,,,
fault_onset,fleet-01-p000010,11585.0,motor_overheating,0.6024,1011.4677526973147,,,
fault_onset,fleet-01-p000022,11587.0,temperature_instability,0.5081,1121.6451228090073,,,
fault_onset,fleet-01-p000010,11591.0,motor_overheating,0.6806,314.9391029884436,,,
fault_onset,fleet-01-p000007,11600.0,abnormal_cooling,0.36,647.4179828785236,,,
fault_onset,fleet-01-p000034,11618.0,sensor_drift_nozzle,0.3346,842.0068392184372,,,
fault_onset,fleet-01-p000004,11618.0,sensor_drift_nozzle,0.9833,1141.6148662956464,,,
fault_onset,fleet-01-p000021,11630.0,sensor_drift_nozzle,0.7229,1583.3291585859174,,,
fault_onset,fleet-01-p000010,11645.0,abnormal_cooling,0.8238,672.160032581084,,,
fault_onset,fleet-01-p000018,11651.0,abnormal_cooling,0.5427,1648.4503271590388,,,
fault_onset,fleet-01-p000053,11676.0,nozzle_thermal_drift,0.5366,1458.2433180546002,,,
fault_onset,fleet-01-p000016,11691.0,abnormal_cooling,0.3921,1349.3903489094992,,,
fault_onset,fleet-01-p000003,11706.0,extrusion_blockage,0.308,925.1131967599749,,,
fault_onset,fleet-01-p000000,11709.0,extrusion_blockage,0.7259,1314.169620592835,,,
fault_onset,fleet-01-p000037,11721.0,power_anomaly,0.4902,1710.1450733638962,,,
fault_onset,fleet-01-p000059,11738.0,sensor_drift_nozzle,0.556,334.8754958821871,,,
fault_onset,fleet-01-p000018,11753.0,sensor_drift_nozzle,0.5018,1262.1744822169053,,,
fault_onset,fleet-01-p000051,11755.0,bed_heater_failure,0.9379,1275.7229411187384,,,
fault_onset,fleet-01-p000040,11759.0,motor_overheating,0.7203,377.28297261442066,,,
fault_onset,fleet-01-p000041,11762.0,extrusion_blockage,0.6662,585.8294611427248,,,
maintenance_end,fleet-01-p000046,11767.0,,,,,,
fault_onset,fleet-01-p000056,11768.0,extrusion_blockage,0.7898,1513.3693851238822,,,
print_start,fleet-01-p000026,11782.0,,,,170.0,,
fault_onset,fleet-01-p000012,11807.0,nozzle_thermal_drift,0.6389,1654.6592854142793,,,
fault_onset,fleet-01-p000043,11809.0,motor_overheating,0.4221,796.4732634203565,,,
fault_onset,fleet-01-p000036,11818.0,temperature_instability,0.6087,1452.4697853224257,,,
fault_onset,fleet-01-p000046,11827.0,nozzle_thermal_drift,0.4344,632.4586157175486,,,
fault_onset,fleet-01-p000044,11840.0,sensor_drift_nozzle,0.9727,672.2525717823642,,,
fault_onset,fleet-01-p000037,11846.0,abnormal_cooling,0.8968,1487.8315759724653,,,
fault_onset,fleet-01-p000028,11852.0,power_anomaly,0.8724,759.3330648537313,,,
fault_onset,fleet-01-p000050,11855.0,power_anomaly,0.7551,1045.7550896092994,,,
fault_onset,fleet-01-p000044,11869.0,nozzle_heater_failure,0.8942,536.9692877309138,,,
print_complete,fleet-01-p000024,11874.0,,,,24.0,90.745,
fault_onset,fleet-01-p000041,11893.0,nozzle_heater_failure,0.9923,894.3004169069661,,,
fault_onset,fleet-01-p000049,11899.0,sensor_noise,0.4018,1290.565731977109,,,
fault_onset,fleet-01-p000017,11901.0,motor_overheating,0.7491,325.3099763041493,,,
print_start,fleet-01-p000013,11906.0,,,,166.0,,
fault_onset,fleet-01-p000056,11909.0,print_interruption,0.821,0.0,,,
fault_onset,fleet-01-p000017,11922.0,extrusion_blockage,0.835,1438.053623208338,,,
fault_onset,fleet-01-p000007,11922.0,sensor_noise,0.9567,447.3831553135514,,,
fault_onset,fleet-01-p000000,11923.0,abnormal_cooling,0.4241,782.1998586655487,,,
fault_onset,fleet-01-p000053,11925.0,bed_heater_failure,0.5084,342.06503374776224,,,
fault_onset,fleet-01-p000010,11928.0,abnormal_cooling,0.9335,1303.6481944080203,,,
fault_onset,fleet-01-p000026,11946.0,bed_heater_failure,0.3731,1403.7754169386674,,,
fault_onset,fleet-01-p000045,11949.0,nozzle_heater_failure,0.4322,937.8131262082014,,,
print_start,fleet-01-p000025,11952.0,,,,172.0,,
fault_onset,fleet-01-p000045,11961.0,nozzle_thermal_drift,0.7445,1557.7005529942026,,,
fault_onset,fleet-01-p000030,11964.0,motor_overheating,0.7207,1713.0199256851226,,,
fault_onset,fleet-01-p000016,11974.0,temperature_instability,0.3963,1676.4230707840757,,,
fault_onset,fleet-01-p000027,11978.0,sensor_drift_nozzle,0.4548,1582.9993915130528,,,
fault_onset,fleet-01-p000021,11984.0,power_anomaly,0.3913,1018.3850532506011,,,
fault_onset,fleet-01-p000025,11987.0,bed_heater_failure,0.7135,700.1834760047698,,,
fault_onset,fleet-01-p000054,11989.0,sensor_drift_nozzle,0.8564,1586.3593218287522,,,
fault_onset,fleet-01-p000028,12014.0,motor_overheating,0.9145,953.2965278058125,,,
fault_onset,fleet-01-p000015,12018.0,power_anomaly,0.8282,983.4680703802682,,,
print_start,fleet-01-p000053,12032.0,,,,171.0,,
fault_onset,fleet-01-p000056,12036.0,motor_overheating,0.6232,381.2542941084565,,,
fault_onset,fleet-01-p000010,12043.0,sensor_noise,0.9313,1791.700846272087,,,
print_start,fleet-01-p000046,12066.0,,,,173.0,,
fault_onset,fleet-01-p000004,12068.0,extrusion_blockage,0.6798,1064.494020156946,,,
fault_onset,fleet-01-p000004,12071.0,print_interruption,0.6071,0.0,,,
fault_onset,fleet-01-p000001,12077.0,bed_heater_failure,0.5569,1604.1243967216062,,,
fault_onset,fleet-01-p000026,12082.0,sensor_noise,0.9892,1608.2664288891542,,,
fault_onset,fleet-01-p000058,12083.0,print_interruption,0.9432,0.0,,,
fault_onset,fleet-01-p000013,12091.0,abnormal_cooling,0.9798,955.4639198417943,,,
fault_onset,fleet-01-p000030,12093.0,extrusion_blockage,0.5424,1383.1825627169508,,,
fault_onset,fleet-01-p000055,12102.0,bed_heater_failure,0.8284,1208.2673120224258,,,
fault_onset,fleet-01-p000056,12110.0,temperature_instability,0.9925,324.646401862454,,,
fault_onset,fleet-01-p000010,12117.0,temperature_instability,0.5984,807.2547260056589,,,
fault_onset,fleet-01-p000008,12123.0,bed_heater_failure,0.8656,711.9872969850679,,,
fault_onset,fleet-01-p000054,12134.0,motor_overheating,0.646,1732.3733259499525,,,
fault_onset,fleet-01-p000008,12146.0,sensor_drift_nozzle,0.3287,627.3964259593603,,,
fault_onset,fleet-01-p000014,12150.0,temperature_instability,0.9828,1576.7324732956154,,,
fault_onset,fleet-01-p000019,12154.0,sensor_drift_nozzle,0.5851,918.848001699988,,,
fault_onset,fleet-01-p000053,12156.0,abnormal_cooling,0.4426,1621.1826837709323,,,
fault_onset,fleet-01-p000045,12164.0,bed_heater_failure,0.4848,474.6527597880052,,,
fault_onset,fleet-01-p000017,12182.0,abnormal_cooling,0.7262,1667.591398282487,,,
fault_onset,fleet-01-p000035,12191.0,print_interruption,0.7226,0.0,,,
fault_onset,fleet-01-p000021,12194.0,print_interruption,0.5436,0.0,,,
fault_onset,fleet-01-p000023,12194.0,extrusion_blockage,0.4124,1184.027264673508,,,
print_failed,fleet-01-p000021,12194.0,sensor_drift_nozzle,,,,,
maintenance_start,fleet-01-p000021,12194.0,,,,,,1167.7
fault_onset,fleet-01-p000020,12213.0,sensor_drift_nozzle,0.6671,751.8966091989091,,,
fault_onset,fleet-01-p000058,12221.0,power_anomaly,0.4812,1283.590968547965,,,
fault_onset,fleet-01-p000019,12224.0,extrusion_blockage,0.7805,303.4168262549415,,,
fault_onset,fleet-01-p000033,12230.0,sensor_noise,0.9456,792.1365261739129,,,
fault_onset,fleet-01-p000042,12231.0,motor_overheating,0.9327,417.1951661175113,,,
print_complete,fleet-01-p000043,12233.0,,,,133.0,43.544,
print_start,fleet-01-p000024,12235.0,,,,174.0,,
fault_onset,fleet-01-p000005,12236.0,bed_heater_failure,0.4542,804.2160441416883,,,
fault_onset,fleet-01-p000010,12251.0,motor_overheating,0.3028,1036.4616936234727,,,
fault_onset,fleet-01-p000054,12251.0,sensor_noise,0.9144,1325.3320607255969,,,
fault_onset,fleet-01-p000015,12267.0,nozzle_heater_failure,0.8771,300.39160130563715,,,
fault_onset,fleet-01-p000047,12276.0,sensor_drift_nozzle,0.8441,850.5445650287933,,,
fault_onset,fleet-01-p000029,12283.0,abnormal_cooling,0.3162,1053.5831201064727,,,
fault_onset,fleet-01-p000053,12283.0,print_interruption,0.8731,0.0,,,
fault_onset,fleet-01-p000015,12294.0,print_interruption,0.3791,0.0,,,
fault_onset,fleet-01-p000050,12309.0,power_anomaly,0.3557,1764.1182037464825,,,
fault_onset,fleet-01-p000048,12320.0,nozzle_heater_failure,0.4508,1146.1464905694413,,,
fault_onset,fleet-01-p000017,12338.0,abnormal_cooling,0.6941,1319.951085369521,,,
fault_onset,fleet-01-p000032,12347.0,temperature_instability,0.8629,1699.8457646949298,,,
fault_onset,fleet-01-p000051,12365.0,bed_heater_failure,0.6054,515.6462031744364,,,
print_start,fleet-01-p000043,12369.0,,,,175.0,,
fault_onset,fleet-01-p000034,12383.0,sensor_noise,0.8957,711.0780412176481,,,
fault_onset,fleet-01-p000050,12383.0,temperature_instability,0.9237,373.7225718906911,,,
fault_onset,fleet-01-p000033,12385.0,sensor_drift_nozzle,0.3637,1754.9485328063304,,,
fault_onset,fleet-01-p000053,12394.0,nozzle_thermal_drift,0.9383,916.4787082443365,,,
fault_onset,fleet-01-p000047,12401.0,abnormal_cooling,0.6492,463.57005357167054,,,
fault_onset,fleet-01-p000023,12410.0,nozzle_heater_failure,0.5657,1201.0331865017029,,,
fault_onset,fleet-01-p000038,12412.0,temperature_instability,0.8753,1105.5711985352386,,,
fault_onset,fleet-01-p000011,12434.0,motor_overheating,0.5233,443.7852376570308,,,
fault_onset,fleet-01-p000033,12442.0,power_anomaly,0.5714,1630.7290250781132,,,
fault_onset,fleet-01-p000034,12447.0,abnormal_cooling,0.6352,743.3988040105385,,,
fault_onset,fleet-01-p000018,12447.0,abnormal_cooling,0.6346,1037.4408855824631,,,
fault_onset,fleet-01-p000050,12451.0,power_anomaly,0.3103,1113.1860863433153,,,
fault_onset,fleet-01-p000038,12453.0,power_anomaly,0.4603,336.65281673141925,,,
fault_onset,fleet-01-p000027,12464.0,nozzle_heater_failure,0.4618,483.7066573436924,,,
fault_onset,fleet-01-p000038,12465.0,print_interruption,0.96,0.0,,,
fault_onset,fleet-01-p000043,12465.0,extrusion_blockage,0.9998,443.7934760219422,,,
fault_onset,fleet-01-p000025,12474.0,nozzle_heater_failure,0.5173,1004.8198794240046,,,
fault_onset,fleet-01-p000023,12489.0,nozzle_heater_failure,0.9154,599.9241774457805,,,
fault_onset,fleet-01-p000002,12509.0,print_interruption,0.5113,0.0,,,
fault_onset,fleet-01-p000049,12516.0,nozzle_heater_failure,0.6527,1072.2841511512715,,,
fault_onset,fleet-01-p000058,12535.0,temperature_instability,0.7256,563.516430212776,,,
fault_onset,fleet-01-p000047,12540.0,print_interruption,0.68,0.0,,,
fault_onset,fleet-01-p000037,12543.0,power_anomaly,0.5383,459.2027683656765,,,
fault_onset,fleet-01-p000044,12544.0,sensor_drift_nozzle,0.7844,575.4324679170319,,,
fault_onset,fleet-01-p000033,12551.0,power_anomaly,0.5101,1443.5886368739702,,,
print_start,fleet-01-p000032,12570.0,,,,176.0,,
fault_onset,fleet-01-p000043,12576.0,sensor_drift_nozzle,0.9773,945.8949376274796,,,
fault_onset,fleet-01-p000006,12577.0,print_interruption,0.6937,0.0,,,
fault_onset,fleet-01-p000022,12585.0,nozzle_thermal_drift,0.4097,966.6280324190582,,,
fault_onset,fleet-01-p000057,12651.0,sensor_noise,0.3932,1718.6567480172246,,,
fault_onset,fleet-01-p000023,12653.0,nozzle_thermal_drift,0.5408,1305.746068072189,,,
maintenance_end,fleet-01-p000004,12658.0,,,,,,
fault_onset,fleet-01-p000007,12670.0,motor_overheating,0.67,430.74401657558496,,,
fault_onset,fleet-01-p000009,12673.0,print_interruption,0.6211,0.0,,,
print_failed,fleet-01-p000009,12673.0,print_interruption,,,,,
maintenance_start,fleet-01-p000009,12673.0,,,,,,489.9
fault_onset,fleet-01-p000011,12674.0,print_interruption,0.7869,0.0,,,
print_failed,fleet-01-p000011,12674.0,sensor_drift_nozzle,,,,,
maintenance_start,fleet-01-p000011,12674.0,,,,,,1035.9
fault_onset,fleet-01-p000052,12683.0,sensor_noise,0.9232,1760.4233640203436,,,
fault_onset,fleet-01-p000049,12688.0,sensor_drift_nozzle,0.6108,582.9884664924986,,,
fault_onset,fleet-01-p000038,12692.0,sensor_noise,0.5455,1215.185011191856,,,
fault_onset,fleet-01-p000023,12699.0,print_interruption,0.407,0.0,,,
fault_onset,fleet-01-p000052,12709.0,temperature_instability,0.6589,944.2175120618335,,,
fault_onset,fleet-01-p000025,12711.0,bed_heater_failure,0.9808,327.5684036457418,,,
fault_onset,fleet-01-p000025,12719.0,power_anomaly,0.7029,320.0659676662745,,,
fault_onset,fleet-01-p000040,12719.0,sensor_noise,0.8402,381.3345974707355,,,
fault_onset,fleet-01-p000012,12744.0,print_interruption,0.8951,0.0,,,
print_failed,fleet-01-p000012,12744.0,nozzle_thermal_drift,,,,,
maintenance_start,fleet-01-p000012,12744.0,,,,,,626.5
fault_onset,fleet-01-p000048,12753.0,abnormal_cooling,0.9966,1021.7259113528363,,,
fault_onset,fleet-01-p000010,12757.0,bed_heater_failure,0.5398,1754.7567568665718,,,
fault_onset,fleet-01-p000052,12762.0,bed_heater_failure,0.3377,592.6078721563804,,,
fault_onset,fleet-01-p000020,12778.0,extrusion_blockage,0.7772,1145.3656082402306,,,
fault_onset,fleet-01-p000057,12785.0,abnormal_cooling,0.4799,1374.6971766390802,,,
fault_onset,fleet-01-p000010,12808.0,power_anomaly,0.4851,1102.1787602527727,,,
fault_onset,fleet-01-p000000,12820.0,extrusion_blockage,0.9831,1667.8617777930679,,,
fault_onset,fleet-01-p000016,12820.0,sensor_noise,0.9475,1352.6567302701476,,,
fault_onset,fleet-01-p000038,12825.0,motor_overheating,0.6903,445.84955253621405,,,
fault_onset,fleet-01-p000028,12827.0,nozzle_thermal_drift,0.6574,1772.3558300399225,,,
fault_onset,fleet-01-p000005,12830.0,print_interruption,0.6565,0.0,,,
fault_onset,fleet-01-p000018,12841.0,sensor_noise,0.8253,1472.298226637546,,,
fault_onset,fleet-01-p000010,12844.0,nozzle_heater_failure,0.9818,737.0276785625982,,,
fault_onset,fleet-01-p000036,12855.0,sensor_noise,0.6309,790.0042587292627,,,
fault_onset,fleet-01-p000002,12856.0,sensor_drift_nozzle,0.3527,1085.605258500953,,,
fault_onset,fleet-01-p000002,12859.0,nozzle_thermal_drift,0.9984,680.6498146125683,,,
fault_onset,fleet-01-p000040,12865.0,print_interruption,0.8466,0.0,,,
fault_onset,fleet-01-p000056,12866.0,bed_heater_failure,0.8245,323.2045539196385,,,
fault_onset,fleet-01-p000015,12890.0,nozzle_thermal_drift,0.5641,1695.8780346283258,,,
fault_onset,fleet-01-p000019,12901.0,sensor_noise,0.3338,1386.8345124918324,,,
fault_onset,fleet-01-p000048,12901.0,abnormal_cooling,0.4894,1121.615459577441,,,
fault_onset,fleet-01-p000003,12921.0,motor_overheating,0.5432,452.778166939459,,,
fault_onset,fleet-01-p000005,12923.0,print_interruption,0.3207,0.0,,,
fault_onset,fleet-01-p000047,12924.0,temperature_instability,0.357,1175.2444275156176,,,
fault_onset,fleet-01-p000028,12925.0,power_anomaly,0.9691,1166.8340368031108,,,
fault_onset,fleet-01-p000047,12931.0,bed_heater_failure,0.719,731.6871387005815,,,
fault_onset,fleet-01-p000013,12949.0,nozzle_thermal_drift,0.5365,1384.6364790479126,,,
fault_onset,fleet-01-p000040,12957.0,abnormal_cooling,0.3869,610.5621706248323,,,
fault_onset,fleet-01-p000050,12966.0,motor_overheating,0.4119,1786.2070347713566,,,
fault_onset,fleet-01-p000012,12974.0,temperature_instability,0.4031,351.1232257218493,,,
fault_onset,fleet-01-p000052,12980.0,nozzle_thermal_drift,0.7225,1619.9131669306812,,,
fault_onset,fleet-01-p000021,12986.0,motor_overheating,0.913,991.9048793757967,,,
fault_onset,fleet-01-p000005,12988.0,sensor_drift_nozzle,0.9975,1507.514677403335,,,
fault_onset,fleet-01-p000034,13013.0,power_anomaly,0.4184,862.2031010105752,,,
fault_onset,fleet-01-p000027,13013.0,motor_overheating,0.3536,1447.6406132103707,,,
fault_onset,fleet-01-p000058,13030.0,motor_overheating,0.8921,821.4535907353451,,,
fault_onset,fleet-01-p000000,13039.0,temperature_instability,0.79,1552.7278524351934,,,
fault_onset,fleet-01-p000000,13040.0,nozzle_thermal_drift,0.7276,1199.570568035657,,,
fault_onset,fleet-01-p000029,13051.0,power_anomaly,0.6357,339.9643414107912,,,
fault_onset,fleet-01-p000001,13059.0,temperature_instability,0.5082,799.0396734254439,,,
fault_onset,fleet-01-p000012,13065.0,bed_heater_failure,0.5986,1479.960026053722,,,
fault_onset,fleet-01-p000031,13100.0,sensor_noise,0.4581,1573.6255743138165,,,
fault_onset,fleet-01-p000007,13106.0,motor_overheating,0.4587,1039.7591282714473,,,
fault_onset,fleet-01-p000031,13115.0,abnormal_cooling,0.9647,733.5398322791898,,,
fault_onset,fleet-01-p000039,13122.0,nozzle_thermal_drift,0.4753,757.330406017201,,,
fault_onset,fleet-01-p000035,13124.0,temperature_instability,0.6353,1591.17117072346,,,
fault_onset,fleet-01-p000039,13149.0,temperature_instability,0.3972,1255.5295858543266,,,
print_start,fleet-01-p000004,13155.0,,,,177.0,,
maintenance_end,fleet-01-p000009,13163.0,,,,,,
fault_onset,fleet-01-p000032,13166.0,extrusion_blockage,0.5109,1034.2855136389562,,,
fault_onset,fleet-01-p000046,13179.0,abnormal_cooling,0.8701,1247.303267124443,,,
fault_onset,fleet-01-p000002,13181.0,nozzle_heater_failure,0.5613,845.1585418446937,,,
fault_onset,fleet-01-p000040,13190.0,bed_heater_failure,0.6873,693.9837281709534,,,
fault_onset,fleet-01-p000022,13190.0,print_interruption,0.6297,0.0,,,
fault_onset,fleet-01-p000039,13191.0,nozzle_heater_failure,0.4103,879.3566355236544,,,
fault_onset,fleet-01-p000041,13218.0,sensor_noise,0.7595,845.081761956533,,,
fault_onset,fleet-01-p000010,13232.0,motor_overheating,0.3687,1169.1035614038303,,,
fault_onset,fleet-01-p000011,13241.0,temperature_instability,0.9852,603.1205496051938,,,
fault_onset,fleet-01-p000020,13249.0,extrusion_blockage,0.42,406.156392506837,,,
fault_onset,fleet-01-p000038,13250.0,bed_heater_failure,0.9365,1256.030164525724,,,
fault_onset,fleet-01-p000034,13264.0,temperature_instability,0.5373,1329.305473669284,,,
fault_onset,fleet-01-p000051,13275.0,sensor_drift_nozzle,0.6355,341.703382020575,,,
fault_onset,fleet-01-p000015,13280.0,temperature_instability,0.7302,615.2359324986729,,,
print_complete,fleet-01-p000041,13285.0,,,,148.0,52.642,
fault_onset,fleet-01-p000049,13287.0,extrusion_blockage,0.3274,1649.2397181148306,,,
fault_onset,fleet-01-p000052,13288.0,sensor_drift_nozzle,0.6507,385.8900004163804,,,
fault_onset,fleet-01-p000002,13288.0,print_interruption,0.9257,0.0,,,
fault_onset,fleet-01-p000031,13289.0,bed_heater_failure,0.5196,1122.4263118562271,,,
fault_onset,fleet-01-p000009,13291.0,abnormal_cooling,0.5586,1010.3724643472494,,,
fault_onset,fleet-01-p000047,13292.0,extrusion_blockage,0.6424,434.0332922738173,,,
fault_onset,fleet-01-p000005,13293.0,bed_heater_failure,0.303,326.403714816467,,,
fault_onset,fleet-01-p000000,13305.0,print_interruption,0.9359,0.0,,,
fault_onset,fleet-01-p000008,13311.0,temperature_instability,0.592,1243.560324993152,,,
print_complete,fleet-01-p000055,13336.0,,,,101.0,86.772,
print_complete,fleet-01-p000014,13341.0,,,,67.0,115.509,
fault_onset,fleet-01-p000044,13356.0,power_anomaly,0.9182,387.8606476593332,,,
maintenance_end,fleet-01-p000021,13362.0,,,,,,
maintenance_end,fleet-01-p000012,13371.0,,,,,,
fault_onset,fleet-01-p000028,13380.0,nozzle_thermal_drift,0.4817,1455.8273098071566,,,
fault_onset,fleet-01-p000032,13383.0,sensor_drift_nozzle,0.7183,1529.3734476284808,,,
fault_onset,fleet-01-p000044,13384.0,extrusion_blockage,0.3959,917.3614744112828,,,
fault_onset,fleet-01-p000022,13386.0,nozzle_heater_failure,0.8957,1511.1183114209118,,,
fault_onset,fleet-01-p000011,13392.0,print_interruption,0.3357,0.0,,,
fault_onset,fleet-01-p000046,13410.0,nozzle_heater_failure,0.7245,1633.3053840869777,,,
fault_onset,fleet-01-p000008,13411.0,nozzle_heater_failure,0.3587,1436.8282701640703,,,
fault_onset,fleet-01-p000048,13427.0,sensor_noise,0.8584,1410.2421586156336,,,
fault_onset,fleet-01-p000023,13427.0,nozzle_thermal_drift,0.7879,1408.353745790193,,,
print_complete,fleet-01-p000019,13443.0,,,,114.0,44.922,
fault_onset,fleet-01-p000032,13455.0,print_interruption,0.9873,0.0,,,
fault_onset,fleet-01-p000039,13514.0,sensor_drift_nozzle,0.5276,1479.8114033703557,,,
fault_onset,fleet-01-p000006,13536.0,sensor_noise,0.3864,1342.0201190098026,,,
fault_onset,fleet-01-p000033,13540.0,temperature_instability,0.4528,972.9569829608539,,,
fault_onset,fleet-01-p000002,13541.0,power_anomaly,0.5175,1170.61300377576,,,
fault_onset,fleet-01-p000025,13554.0,nozzle_thermal_drift,0.7211,1693.4441147036014,,,
fault_onset,fleet-01-p000025,13557.0,temperature_instability,0.6369,942.6417044250982,,,
fault_onset,fleet-01-p000050,13562.0,abnormal_cooling,0.542,444.33291498664454,,,
fault_onset,fleet-01-p000033,13567.0,motor_overheating,0.7931,1010.7228476631709,,,
fault_onset,fleet-01-p000042,13569.0,bed_heater_failure,0.9471,815.0591212343927,,,
fault_onset,fleet-01-p000030,13570.0,sensor_drift_nozzle,0.7835,1175.5240405406887,,,
fault_onset,fleet-01-p000016,13582.0,temperature_instability,0.5832,1373.354121947268,,,
fault_onset,fleet-01-p000030,13597.0,nozzle_thermal_drift,0.4944,1136.9771411980162,,,
fault_onset,fleet-01-p000022,13599.0,extrusion_blockage,0.8088,1772.337682292186,,,
fault_onset,fleet-01-p000019,13626.0,temperature_instability,0.7451,357.99712473021833,,,
print_start,fleet-01-p000021,13641.0,,,,179.0,,
fault_onset,fleet-01-p000023,13650.0,nozzle_thermal_drift,0.7508,1154.5367086953108,,,
fault_onset,fleet-01-p000032,13677.0,power_anomaly,0.6409,418.33134468319776,,,
print_start,fleet-01-p000055,13677.0,,,,181.0,,
fault_onset,fleet-01-p000039,13678.0,sensor_drift_nozzle,0.9115,935.238330069966,,,
fault_onset,fleet-01-p000044,13686.0,abnormal_cooling,0.7746,1753.378812004461,,,
fault_onset,fleet-01-p000042,13695.0,power_anomaly,0.8511,1306.442830254401,,,
fault_onset,fleet-01-p000055,13696.0,sensor_drift_nozzle,0.5591,1627.0252154228472,,,
fault_onset,fleet-01-p000002,13697.0,print_interruption,0.4693,0.0,,,
fault_onset,fleet-01-p000015,13704.0,sensor_noise,0.911,1087.7109460056058,,,
maintenance_end,fleet-01-p000011,13710.0,,,,,,
fault_onset,fleet-01-p000022,13715.0,motor_overheating,0.7498,785.4038569502658,,,
fault_onset,fleet-01-p000055,13719.0,sensor_drift_nozzle,0.4469,582.3950343507786,,,
fault_onset,fleet-01-p000051,13722.0,power_anomaly,0.7134,1056.5134123276146,,,
fault_onset,fleet-01-p000054,13724.0,nozzle_heater_failure,0.3162,823.6417867578747,,,
fault_onset,fleet-01-p000058,13727.0,extrusion_blockage,0.6513,480.4853252535794,,,
fault_onset,fleet-01-p000029,13730.0,extrusion_blockage,0.3387,514.9044216860559,,,
fault_onset,fleet-01-p000002,13748.0,extrusion_blockage,0.891,1413.1281641080145,,,
print_start,fleet-01-p000019,13758.0,,,,182.0,,
fault_onset,fleet-01-p000059,13759.0,sensor_noise,0.4829,1243.7426559582009,,,
print_complete,fleet-01-p000052,13761.0,,,,115.0,84.347,
fault_onset,fleet-01-p000048,13775.0,nozzle_heater_failure,0.5218,1054.3114887863323,,,
fault_onset,fleet-01-p000046,13775.0,motor_overheating,0.7349,379.84813435234184,,,
fault_onset,fleet-01-p000009,13778.0,nozzle_thermal_drift,0.5537,1688.2974627502797,,,
print_start,fleet-01-p000009,13778.0,,,,180.0,,
fault_onset,fleet-01-p000056,13790.0,bed_heater_failure,0.3949,1371.5104248059097,,,
fault_onset,fleet-01-p000019,13792.0,print_interruption,0.5417,0.0,,,
fault_onset,fleet-01-p000008,13796.0,abnormal_cooling,0.5482,316.84302369161816,,,
fault_onset,fleet-01-p000054,13812.0,nozzle_thermal_drift,0.7908,675.1187053171581,,,
fault_onset,fleet-01-p000016,13827.0,print_interruption,0.4212,0.0,,,
fault_onset,fleet-01-p000025,13827.0,bed_heater_failure,0.9908,839.3893031379134,,,
fault_onset,fleet-01-p000010,13839.0,sensor_noise,0.3931,1776.721071574316,,,
fault_onset,fleet-01-p000033,13842.0,motor_overheating,0.8552,725.2279195962957,,,
fault_onset,fleet-01-p000052,13847.0,temperature_instability,0.7724,430.70237197304857,,,
fault_onset,fleet-01-p000006,13870.0,power_anomaly,0.6464,1357.5558878237434,,,
fault_onset,fleet-01-p000046,13870.0,abnormal_cooling,0.8664,1131.5380839110344,,,
fault_onset,fleet-01-p000021,13871.0,sensor_drift_nozzle,0.6604,1307.4562786268416,,,
fault_onset,fleet-01-p000029,13871.0,temperature_instability,0.7734,498.6884279995462,,,
fault_onset,fleet-01-p000045,13878.0,bed_heater_failure,0.6449,768.072557508249,,,
fault_onset,fleet-01-p000005,13910.0,print_interruption,0.8588,0.0,,,
fault_onset,fleet-01-p000017,13912.0,nozzle_thermal_drift,0.826,360.05970789337374,,,
fault_onset,fleet-01-p000049,13915.0,abnormal_cooling,0.8175,1569.8366856843038,,,
fault_onset,fleet-01-p000036,13936.0,bed_heater_failure,0.3317,830.9036376615865,,,
fault_onset,fleet-01-p000038,13948.0,bed_heater_failure,0.8774,595.8904917914124,,,
fault_onset,fleet-01-p000033,13972.0,nozzle_heater_failure,0.5092,685.7972657437306,,,
fault_onset,fleet-01-p000050,13973.0,nozzle_heater_failure,0.9237,1600.8347321715385,,,
fault_onset,fleet-01-p000001,13998.0,power_anomaly,0.3224,525.9998113461169,,,
fault_onset,fleet-01-p000055,14046.0,bed_heater_failure,0.6549,1392.1987654159,,,
fault_onset,fleet-01-p000027,14057.0,sensor_drift_nozzle,0.6758,1405.1052035810296,,,
fault_onset,fleet-01-p000028,14059.0,print_interruption,0.3076,0.0,,,
fault_onset,fleet-01-p000050,14065.0,abnormal_cooling,0.6586,502.206235941155,,,
fault_onset,fleet-01-p000048,14066.0,nozzle_thermal_drift,0.4408,1673.617415436184,,,
fault_onset,fleet-01-p000047,14070.0,nozzle_heater_failure,0.3703,1788.4516397240504,,,
fault_onset,fleet-01-p000003,14075.0,extrusion_blockage,0.6951,1290.0144384769485,,,
maintenance_end,fleet-01-p000017,14085.0,,,,,,
fault_onset,fleet-01-p000001,14089.0,sensor_drift_nozzle,0.4655,1173.5401432551191,,,
fault_onset,fleet-01-p000019,14089.0,temperature_instability,0.5931,304.65464689509434,,,
fault_onset,fleet-01-p000023,14094.0,extrusion_blockage,0.3212,1667.7122020646761,,,
print_start,fleet-01-p000041,14118.0,,,,183.0,,
fault_onset,fleet-01-p000039,14124.0,print_interruption,0.5728,0.0,,,
print_complete,fleet-01-p000045,14126.0,,,,169.0,28.336,
fault_onset,fleet-01-p000042,14150.0,nozzle_heater_failure,0.6485,479.31169991313624,,,
fault_onset,fleet-01-p000035,14166.0,nozzle_heater_failure,0.7675,898.8759400824877,,,
fault_onset,fleet-01-p000021,14180.0,temperature_instability,0.4686,809.812827194857,,,
print_complete,fleet-01-p000036,14196.0,,,,155.0,41.993,
fault_onset,fleet-01-p000058,14200.0,sensor_noise,0.9301,843.2663970323498,,,
fault_onset,fleet-01-p000002,14201.0,print_interruption,0.8163,0.0,,,
fault_onset,fleet-01-p000057,14210.0,nozzle_thermal_drift,0.336,1131.6558163275702,,,
fault_onset,fleet-01-p000015,14216.0,extrusion_blockage,0.5579,790.6593900114852,,,
fault_onset,fleet-01-p000020,14225.0,power_anomaly,0.4342,1240.9253686682025,,,
fault_onset,fleet-01-p000035,14233.0,temperature_instability,0.4888,757.0440948694651,,,
fault_onset,fleet-01-p000000,14244.0,motor_overheating,0.4746,697.3417512901113,,,
fault_onset,fleet-01-p000057,14249.0,bed_heater_failure,0.6719,316.86302008899725,,,
fault_onset,fleet-01-p000028,14255.0,sensor_noise,0.5301,1203.7839725448105,,,
fault_onset,fleet-01-p000013,14264.0,nozzle_thermal_drift,0.4759,1153.409987761043,,,
fault_onset,fleet-01-p000050,14273.0,temperature_instability,0.6228,1370.783855193572,,,
print_start,fleet-01-p000036,14285.0,,,,185.0,,
fault_onset,fleet-01-p000006,14288.0,temperature_instability,0.3822,812.3054098104493,,,
fault_onset,fleet-01-p000010,14290.0,power_anomaly,0.392,705.287240288938,,,
fault_onset,fleet-01-p000004,14295.0,bed_heater_failure,0.4297,1685.6119057634755,,,
fault_onset,fleet-01-p000043,14298.0,sensor_noise,0.738,973.6169966064207,,,
preheat_timeout,fleet-01-p000012,14314.0,,,,,,
maintenance_start,fleet-01-p000012,14314.0,,,,,,588.8
fault_onset,fleet-01-p000032,14319.0,print_interruption,0.6581,0.0,,,
fault_onset,fleet-01-p000050,14328.0,abnormal_cooling,0.6223,321.84558126029543,,,
print_start,fleet-01-p000014,14337.0,,,,184.0,,
fault_onset,fleet-01-p000053,14339.0,nozzle_thermal_drift,0.482,1124.02668251466,,,
fault_onset,fleet-01-p000031,14347.0,temperature_instability,0.5622,393.3462678951036,,,
fault_onset,fleet-01-p000013,14360.0,nozzle_heater_failure,0.4305,713.0611238213262,,,
fault_onset,fleet-01-p000003,14367.0,extrusion_blockage,0.4004,1187.7745753097197,,,
fault_onset,fleet-01-p000003,14386.0,print_interruption,0.9019,0.0,,,
